52,A=Peronismo para la Victoria,U=Libres del Sur,U=Justicialista por Tucumán,A=Trabajo y Dignidad,A=Salta Somos Todos,U=Nuevo Espacio Santafesino,N=Coalición Cívica,A=Concertación FORJA,U=Primero Argentina,A=Frente de la Concordia Misionero,A=Federal Unidos por una Nueva Argentina,A=Somos San Juan,A=Unidad Justicialista,N=PRO,N=Partido por la Justicia Social,N=Frente Cívico por Santiago,A=Justicialista,A=PTS - Frente de Izquierda,A=Fte. de Izquierda y de los Trabajadores,U=Córdoba Trabajo y Producción,A=Movimiento Popular Neuquino,A=Frente para la Victoria - PJ,U=Fte. Cívico y Social de Catamarca,A=Frente Progresista Cívico y Social,A=Elijo Catamarca,U=Cultura Educación y Trabajo,A=Todos Juntos por San Juan,A=Córdoba Federal,U=Evolución Radical,A=Partido Bloquista de San Juan,U=Somos Mendoza,A=Protectora,N=Unión Cívica Radical
62,A=Frente de la Concordia Misionero,A=Somos San Juan,A=Protectora,A=PRO,A=Federal Unidos por una Nueva Argentina,U=Partido Bloquista de San Juan,N=PTS - Frente de Izquierda,A=Elijo Catamarca,A=Frente para la Victoria - PJ,A=Córdoba Federal,A=Evolución Radical,A=Frente Progresista Cívico y Social,A=Unión Cívica Radical,A=Somos Mendoza,U=Primero Argentina,U=Nuevo Espacio Santafesino,U=Córdoba Trabajo y Producción,A=Todos Juntos por San Juan,A=Justicialista,A=Peronismo para la Victoria,A=Libres del Sur,U=Salta Somos Todos,A=Concertación FORJA,A=Frente Cívico por Santiago,A=Justicialista por Tucumán,A=Movimiento Popular Neuquino,A=Trabajo y Dignidad,A=Unidad Justicialista,A=Partido por la Justicia Social,U=Fte. Cívico y Social de Catamarca,N=Fte. de Izquierda y de los Trabajadores,A=Coalición Cívica,U=Cultura Educación y Trabajo
2,A=Frente de la Concordia Misionero,U=Nuevo Espacio Santafesino,A=Cultura Educación y Trabajo,A=Federal Unidos por una Nueva Argentina,A=Peronismo para la Victoria,B=PTS - Frente de Izquierda,N=Coalición Cívica,N=Unión Cívica Radical,A=Partido Bloquista de San Juan,B=Fte. de Izquierda y de los Trabajadores,U=Libres del Sur,U=Somos Mendoza,A=Frente Cívico por Santiago,A=Todos Juntos por San Juan,A=Trabajo y Dignidad,N=PRO,N=Partido por la Justicia Social,N=Fte. Cívico y Social de Catamarca,A=Córdoba Trabajo y Producción,A=Unidad Justicialista,A=Córdoba Federal,N=Evolución Radical,A=Salta Somos Todos,U=Somos San Juan,A=Frente para la Victoria - PJ,A=Concertación FORJA,A=Partido Intransigente de Mendoza,A=Justicialista,A=Elijo Catamarca,U=Justicialista por Tucumán,U=Primero Argentina,A=Movimiento Popular Neuquino,A=Partido Socialista
3,A=Frente Cívico por Santiago,A=PRO,A=Todos Juntos por San Juan,A=Córdoba Federal,U=Partido Bloquista de San Juan,U=Nuevo Espacio Santafesino,A=Unión Cívica Radical,A=Federal Unidos por una Nueva Argentina,A=Coalición Cívica,A=Justicialista,A=Elijo Catamarca,A=Cultura Educación y Trabajo,B=PTS - Frente de Izquierda,U=Justicialista por Tucumán,A=Partido Intransigente de Mendoza,U=Primero Argentina,A=Frente para la Victoria - PJ,A=Unidad Justicialista,A=Partido Socialista,A=Trabajo y Dignidad,A=Concertación FORJA,U=Somos San Juan,U=Movimiento Popular Neuquino,A=Partido por la Justicia Social,A=Fte. Cívico y Social de Catamarca,A=Evolución Radical,B=Peronismo para la Victoria,A=Frente de la Concordia Misionero,U=Libres del Sur,A=Salta Somos Todos,B=Fte. de Izquierda y de los Trabajadores,U=Somos Mendoza,A=Córdoba Trabajo y Producción
5,A=PRO,A=Partido Socialista,U=PTS - Frente de Izquierda,A=Elijo Catamarca,A=Concertación FORJA,A=Frente Cívico por Santiago,A=Todos Juntos por San Juan,A=Partido Bloquista de San Juan,B=Fte. de Izquierda y de los Trabajadores,A=Somos Mendoza,A=Evolución Radical,A=Frente de la Concordia Misionero,A=Cultura Educación y Trabajo,A=Justicialista,A=Peronismo para la Victoria,A=Trabajo y Dignidad,U=Primero Argentina,U=Nuevo Espacio Santafesino,A=Frente para la Victoria - PJ,A=Unidad Justicialista,A=Coalición Cívica,A=Justicialista por Tucumán,A=Salta Somos Todos,A=Unión Cívica Radical,A=Federal Unidos por una Nueva Argentina,U=Somos San Juan,A=Fte. Cívico y Social de Catamarca,U=Libres del Sur,A=Partido Intransigente de Mendoza,A=Partido por la Justicia Social,A=Córdoba Federal,U=Córdoba Trabajo y Producción,A=Movimiento Popular Neuquino
6,N=Trabajo y Dignidad,U=Primero Argentina,A=Fte. Cívico y Social de Catamarca,A=Justicialista,U=Libres del Sur,N=Somos Mendoza,A=Salta Somos Todos,A=Frente Cívico por Santiago,N=Partido Socialista,N=Concertación FORJA,N=Nuevo Espacio Santafesino,N=Federal Unidos por una Nueva Argentina,N=Unidad Justicialista,A=Partido por la Justicia Social,A=Todos Juntos por San Juan,A=Partido Bloquista de San Juan,N=PTS - Frente de Izquierda,N=Frente para la Victoria - PJ,A=Coalición Cívica,A=Evolución Radical,A=Frente de la Concordia Misionero,N=Córdoba Trabajo y Producción,A=Partido Intransigente de Mendoza,A=Movimiento Popular Neuquino,A=Unión Cívica Radical,N=Fte. de Izquierda y de los Trabajadores,A=Elijo Catamarca,N=Cultura Educación y Trabajo,A=PRO,N=Peronismo para la Victoria,U=Justicialista por Tucumán,U=Somos San Juan,A=Córdoba Federal
7,B=Federal Unidos por una Nueva Argentina,N=Fte. de Izquierda y de los Trabajadores,U=Primero Argentina,B=Córdoba Trabajo y Producción,A=Frente Cívico por Santiago,A=Todos Juntos por San Juan,A=Partido por la Justicia Social,N=Nuevo Espacio Santafesino,A=Evolución Radical,A=Salta Somos Todos,N=Concertación FORJA,B=Trabajo y Dignidad,A=PRO,N=PTS - Frente de Izquierda,U=Libres del Sur,N=Peronismo para la Victoria,N=Somos Mendoza,A=Elijo Catamarca,U=Justicialista por Tucumán,A=Movimiento Popular Neuquino,B=Cultura Educación y Trabajo,N=Unidad Justicialista,A=Unión Cívica Radical,A=Córdoba Federal,A=Partido Bloquista de San Juan,N=Partido Socialista,A=Partido Intransigente de Mendoza,A=Justicialista,A=Fte. Cívico y Social de Catamarca,A=Coalición Cívica,N=Frente para la Victoria - PJ,A=Frente de la Concordia Misionero,U=Somos San Juan
41,A=Frente Cívico por Santiago,N=Fte. de Izquierda y de los Trabajadores,N=Partido Intransigente de Mendoza,N=PTS - Frente de Izquierda,U=Somos Mendoza,U=Movimiento Popular Neuquino,N=Primero Argentina,N=Cultura Educación y Trabajo,A=PRO,A=Todos Juntos por San Juan,A=Fte. Cívico y Social de Catamarca,A=Justicialista por Tucumán,A=Salta Somos Todos,N=Concertación FORJA,N=Nuevo Espacio Santafesino,A=Partido Bloquista de San Juan,N=Partido Socialista,U=Libres del Sur,A=Trabajo y Dignidad,A=Córdoba Trabajo y Producción,A=Unión Cívica Radical,A=Coalición Cívica,A=Elijo Catamarca,N=Frente para la Victoria - PJ,A=Federal Unidos por una Nueva Argentina,A=Evolución Radical,A=Frente de la Concordia Misionero,A=Córdoba Federal,B=Unidad Justicialista,A=Partido por la Justicia Social,A=Justicialista,N=Peronismo para la Victoria,A=Somos San Juan
44,N=Unión Cívica Radical,N=Fte. Cívico y Social de Catamarca,A=Córdoba Federal,U=Coalición Cívica,B=Evolución Radical,A=Partido Socialista,A=PTS - Frente de Izquierda,A=Justicialista por Tucumán,A=Trabajo y Dignidad,A=Frente Cívico por Santiago,A=Somos San Juan,A=Todos Juntos por San Juan,A=Partido Bloquista de San Juan,A=Fte. de Izquierda y de los Trabajadores,U=Frente de la Concordia Misionero,A=Partido Intransigente de Mendoza,U=Movimiento Popular Neuquino,A=Libres del Sur,A=Salta Somos Todos,A=Unidad Justicialista,A=Federal Unidos por una Nueva Argentina,A=Somos Mendoza,A=Concertación FORJA,A=Frente para la Victoria - PJ,N=Partido por la Justicia Social,A=Justicialista,A=Córdoba Trabajo y Producción,A=Nuevo Espacio Santafesino,A=Cultura Educación y Trabajo,A=Peronismo para la Victoria,N=PRO,A=Elijo Catamarca,A=Primero Argentina
63,A=Frente de la Concordia Misionero,A=Somos Mendoza,A=Frente Cívico por Santiago,A=Córdoba Federal,A=Concertación FORJA,A=Todos Juntos por San Juan,A=Federal Unidos por una Nueva Argentina,A=Coalición Cívica,U=Partido Bloquista de San Juan,A=Movimiento Popular Neuquino,A=Unión Cívica Radical,A=Unidad Justicialista,U=Primero Argentina,A=Frente para la Victoria - PJ,A=Evolución Radical,A=PTS - Frente de Izquierda,A=Protectora,U=Nuevo Espacio Santafesino,U=Fte. Cívico y Social de Catamarca,A=Peronismo para la Victoria,A=Fte. de Izquierda y de los Trabajadores,A=Elijo Catamarca,A=Justicialista por Tucumán,U=Córdoba Trabajo y Producción,U=Cultura Educación y Trabajo,A=Frente Progresista Cívico y Social,A=Partido por la Justicia Social,A=Justicialista,A=Libres del Sur,A=Trabajo y Dignidad,A=Somos San Juan,A=PRO,U=Salta Somos Todos
70,A=Fte. de Izquierda y de los Trabajadores,U=Salta Somos Todos,U=Partido Bloquista de San Juan,U=Frente de la Concordia Misionero,U=Nuevo Espacio Santafesino,A=Movimiento Popular Neuquino,A=PRO,A=Justicialista,A=Coalición Cívica,U=Justicialista por Tucumán,A=Trabajo y Dignidad,A=Concertación FORJA,A=Somos San Juan,A=Unidad Justicialista,A=Federal Unidos por una Nueva Argentina,A=Partido por la Justicia Social,U=Fte. Cívico y Social de Catamarca,A=Elijo Catamarca,U=Primero Argentina,A=Todos Juntos por San Juan,A=Unión Cívica Radical,A=Evolución Radical,A=Protectora,A=Frente Cívico por Santiago,A=Córdoba Federal,A=PTS - Frente de Izquierda,A=Libres del Sur,U=Córdoba Trabajo y Producción,A=Frente Progresista Cívico y Social,A=Frente para la Victoria - PJ,A=Peronismo para la Victoria,U=Somos Mendoza,U=Cultura Educación y Trabajo
34,U=Frente Cívico por Santiago,U=Justicialista,A=Trabajo y Dignidad,A=Córdoba Trabajo y Producción,U=Salta Somos Todos,A=Frente para la Victoria - PJ,A=Partido Bloquista de San Juan,U=Justicialista por Tucumán,A=Concertación FORJA,A=Todos Juntos por San Juan,A=Evolución Radical,U=Partido Socialista,U=Peronismo para la Victoria,A=Unidad Justicialista,A=Federal Unidos por una Nueva Argentina,A=Córdoba Federal,A=Elijo Catamarca,A=Primero Argentina,N=Partido por la Justicia Social,U=Fte. de Izquierda y de los Trabajadores,A=Somos San Juan,U=Nuevo Espacio Santafesino,N=Unión Cívica Radical,N=Fte. Cívico y Social de Catamarca,A=Partido Intransigente de Mendoza,N=Movimiento Popular Neuquino,N=Coalición Cívica,A=PTS - Frente de Izquierda,U=Libres del Sur,N=PRO,A=Frente de la Concordia Misionero,A=Somos Mendoza,A=Cultura Educación y Trabajo
38,N=Unión Cívica Radical,A=Trabajo y Dignidad,A=Salta Somos Todos,A=Cultura Educación y Trabajo,A=Frente Cívico por Santiago,N=Coalición Cívica,U=Córdoba Trabajo y Producción,A=Partido Intransigente de Mendoza,A=Justicialista,N=Fte. Cívico y Social de Catamarca,A=PTS - Frente de Izquierda,U=Frente de la Concordia Misionero,A=Concertación FORJA,A=Federal Unidos por una Nueva Argentina,A=Evolución Radical,A=Peronismo para la Victoria,A=Elijo Catamarca,N=Movimiento Popular Neuquino,N=PRO,A=Unidad Justicialista,N=Partido por la Justicia Social,A=Partido Socialista,U=Libres del Sur,U=Todos Juntos por San Juan,A=Frente para la Victoria - PJ,U=Justicialista por Tucumán,A=Somos San Juan,A=Nuevo Espacio Santafesino,A=Córdoba Federal,A=Partido Bloquista de San Juan,A=Fte. de Izquierda y de los Trabajadores,A=Somos Mendoza,A=Primero Argentina
42,U=Libres del Sur,A=Elijo Catamarca,A=Concertación FORJA,A=Partido Intransigente de Mendoza,A=Todos Juntos por San Juan,A=Unidad Justicialista,A=Federal Unidos por una Nueva Argentina,A=Justicialista,N=PTS - Frente de Izquierda,N=Fte. de Izquierda y de los Trabajadores,A=Somos Mendoza,A=Justicialista por Tucumán,A=Salta Somos Todos,A=Frente Cívico por Santiago,A=PRO,A=Frente para la Victoria - PJ,A=Unión Cívica Radical,N=Peronismo para la Victoria,A=Fte. Cívico y Social de Catamarca,A=Córdoba Federal,A=Coalición Cívica,A=Partido por la Justicia Social,A=Evolución Radical,A=Primero Argentina,A=Cultura Educación y Trabajo,A=Somos San Juan,A=Nuevo Espacio Santafesino,N=Partido Socialista,A=Frente de la Concordia Misionero,A=Trabajo y Dignidad,A=Partido Bloquista de San Juan,A=Córdoba Trabajo y Producción,U=Movimiento Popular Neuquino
50,N=Córdoba Federal,A=Peronismo para la Victoria,U=Libres del Sur,U=Córdoba Trabajo y Producción,N=Unidad Justicialista,A=Concertación FORJA,N=Unión Cívica Radical,A=Frente para la Victoria - PJ,B=Justicialista,U=Fte. Cívico y Social de Catamarca,N=Somos San Juan,U=Movimiento Popular Neuquino,N=PRO,N=Frente de la Concordia Misionero,A=Trabajo y Dignidad,N=Partido por la Justicia Social,A=Frente Progresista Cívico y Social,U=Somos Mendoza,A=Elijo Catamarca,A=Justicialista por Tucumán,N=Salta Somos Todos,U=Primero Argentina,N=Frente Cívico por Santiago,N=Coalición Cívica,U=Evolución Radical,N=Partido Bloquista de San Juan,A=PTS - Frente de Izquierda,A=Fte. de Izquierda y de los Trabajadores,A=Protectora,A=Nuevo Espacio Santafesino,N=Todos Juntos por San Juan,U=Cultura Educación y Trabajo,A=Federal Unidos por una Nueva Argentina
58,U=Frente Cívico por Santiago,A=Unidad Justicialista,A=Fte. de Izquierda y de los Trabajadores,A=Frente para la Victoria - PJ,A=Evolución Radical,U=Partido Bloquista de San Juan,A=Todos Juntos por San Juan,A=Coalición Cívica,A=Frente de la Concordia Misionero,A=Somos Mendoza,A=Concertación FORJA,A=Protectora,U=Primero Argentina,A=Federal Unidos por una Nueva Argentina,A=Justicialista,A=Frente Progresista Cívico y Social,A=Peronismo para la Victoria,A=Libres del Sur,A=Justicialista por Tucumán,U=Salta Somos Todos,A=Somos San Juan,A=Movimiento Popular Neuquino,A=Unión Cívica Radical,A=Partido por la Justicia Social,A=PTS - Frente de Izquierda,A=Trabajo y Dignidad,U=Córdoba Trabajo y Producción,U=Fte. Cívico y Social de Catamarca,A=Elijo Catamarca,U=Cultura Educación y Trabajo,A=PRO,A=Córdoba Federal,U=Nuevo Espacio Santafesino
65,A=Frente Progresista Cívico y Social,A=Movimiento Popular Neuquino,A=Córdoba Federal,U=Trabajo y Dignidad,U=Fte. Cívico y Social de Catamarca,A=Frente de la Concordia Misionero,A=Partido por la Justicia Social,A=Coalición Cívica,A=Evolución Radical,A=PTS - Frente de Izquierda,A=Justicialista por Tucumán,A=Unidad Justicialista,A=Unión Cívica Radical,A=Elijo Catamarca,A=Somos San Juan,A=Todos Juntos por San Juan,A=Frente para la Victoria - PJ,A=Justicialista,A=Libres del Sur,A=Frente Cívico por Santiago,U=Partido Bloquista de San Juan,A=Fte. de Izquierda y de los Trabajadores,U=Córdoba Trabajo y Producción,U=Primero Argentina,U=Nuevo Espacio Santafesino,A=Federal Unidos por una Nueva Argentina,A=Peronismo para la Victoria,A=Somos Mendoza,U=Salta Somos Todos,A=Concertación FORJA,A=Protectora,U=Cultura Educación y Trabajo,A=PRO
21,N=PRO,U=Córdoba Federal,A=Evolución Radical,A=Peronismo para la Victoria,N=Unión Cívica Radical,A=Trabajo y Dignidad,A=Concertación FORJA,N=Movimiento Popular Neuquino,A=Frente para la Victoria - PJ,A=Primero Argentina,A=Cultura Educación y Trabajo,N=Partido por la Justicia Social,A=Partido Socialista,A=Libres del Sur,A=Justicialista por Tucumán,A=Córdoba Trabajo y Producción,A=Partido Intransigente de Mendoza,A=Federal Unidos por una Nueva Argentina,A=Justicialista,A=PTS - Frente de Izquierda,U=Fte. de Izquierda y de los Trabajadores,A=Elijo Catamarca,A=Todos Juntos por San Juan,A=Unidad Justicialista,N=Coalición Cívica,A=Partido Bloquista de San Juan,A=Frente Cívico por Santiago,N=Fte. Cívico y Social de Catamarca,A=Frente de la Concordia Misionero,A=Somos Mendoza,A=Salta Somos Todos,A=Somos San Juan,A=Nuevo Espacio Santafesino
36,A=Córdoba Federal,A=PTS - Frente de Izquierda,A=Frente para la Victoria - PJ,N=Coalición Cívica,A=Elijo Catamarca,A=Córdoba Trabajo y Producción,A=Primero Argentina,U=Todos Juntos por San Juan,U=Salta Somos Todos,A=Nuevo Espacio Santafesino,A=Justicialista,A=Partido Bloquista de San Juan,A=Peronismo para la Victoria,A=Trabajo y Dignidad,U=Somos San Juan,U=Frente Cívico por Santiago,N=PRO,N=Partido por la Justicia Social,U=Libres del Sur,A=Cultura Educación y Trabajo,N=Unión Cívica Radical,U=Fte. Cívico y Social de Catamarca,U=Partido Socialista,U=Justicialista por Tucumán,N=Movimiento Popular Neuquino,A=Evolución Radical,A=Fte. de Izquierda y de los Trabajadores,A=Somos Mendoza,A=Concertación FORJA,A=Partido Intransigente de Mendoza,U=Unidad Justicialista,A=Federal Unidos por una Nueva Argentina,U=Frente de la Concordia Misionero
60,A=Unión Cívica Radical,A=Evolución Radical,U=Partido Bloquista de San Juan,U=Salta Somos Todos,U=Nuevo Espacio Santafesino,A=Trabajo y Dignidad,U=Cultura Educación y Trabajo,A=PRO,A=Unidad Justicialista,B=PTS - Frente de Izquierda,A=Libres del Sur,A=Somos Mendoza,A=Concertación FORJA,A=Protectora,A=Partido por la Justicia Social,U=Fte. Cívico y Social de Catamarca,A=Córdoba Federal,A=Coalición Cívica,U=Córdoba Trabajo y Producción,A=Federal Unidos por una Nueva Argentina,A=Frente Progresista Cívico y Social,B=Fte. de Izquierda y de los Trabajadores,A=Frente Cívico por Santiago,A=Frente de la Concordia Misionero,A=Justicialista por Tucumán,U=Primero Argentina,A=Peronismo para la Victoria,A=Movimiento Popular Neuquino,A=Todos Juntos por San Juan,A=Frente para la Victoria - PJ,A=Justicialista,A=Elijo Catamarca,A=Somos San Juan
61,B=Concertación FORJA,U=Nuevo Espacio Santafesino,B=PTS - Frente de Izquierda,U=Córdoba Trabajo y Producción,A=Elijo Catamarca,A=Unión Cívica Radical,A=Justicialista,B=Somos Mendoza,U=Salta Somos Todos,A=Movimiento Popular Neuquino,A=PRO,A=Córdoba Federal,A=Partido por la Justicia Social,A=Coalición Cívica,A=Frente Progresista Cívico y Social,B=Fte. de Izquierda y de los Trabajadores,B=Libres del Sur,U=Primero Argentina,A=Frente Cívico por Santiago,A=Unidad Justicialista,U=Cultura Educación y Trabajo,A=Todos Juntos por San Juan,B=Peronismo para la Victoria,A=Evolución Radical,A=Justicialista por Tucumán,A=Protectora,B=Frente para la Victoria - PJ,A=Federal Unidos por una Nueva Argentina,U=Partido Bloquista de San Juan,A=Trabajo y Dignidad,A=Somos San Juan,U=Fte. Cívico y Social de Catamarca,A=Frente de la Concordia Misionero
64,A=Todos Juntos por San Juan,A=Frente para la Victoria - PJ,A=Unión Cívica Radical,A=Evolución Radical,A=Somos Mendoza,A=Elijo Catamarca,U=Córdoba Trabajo y Producción,A=Somos San Juan,A=Partido por la Justicia Social,A=Coalición Cívica,A=Frente Progresista Cívico y Social,A=Libres del Sur,U=Trabajo y Dignidad,U=Nuevo Espacio Santafesino,A=Justicialista,U=Fte. de Izquierda y de los Trabajadores,U=Primero Argentina,U=Cultura Educación y Trabajo,A=Federal Unidos por una Nueva Argentina,U=Partido Bloquista de San Juan,U=Salta Somos Todos,A=PRO,U=Fte. Cívico y Social de Catamarca,A=Córdoba Federal,A=Peronismo para la Victoria,A=Frente de la Concordia Misionero,A=Concertación FORJA,A=Unidad Justicialista,A=Justicialista por Tucumán,A=Movimiento Popular Neuquino,A=Frente Cívico por Santiago,A=Protectora,A=PTS - Frente de Izquierda
23,A=Frente Cívico por Santiago,A=Somos San Juan,A=Primero Argentina,N=Partido por la Justicia Social,A=Frente de la Concordia Misionero,A=Somos Mendoza,A=Salta Somos Todos,A=Partido Intransigente de Mendoza,N=Movimiento Popular Neuquino,A=Unidad Justicialista,A=Fte. de Izquierda y de los Trabajadores,A=Justicialista por Tucumán,A=Elijo Catamarca,A=Partido Bloquista de San Juan,A=Peronismo para la Victoria,A=PTS - Frente de Izquierda,U=Libres del Sur,U=Nuevo Espacio Santafesino,N=Unión Cívica Radical,A=Federal Unidos por una Nueva Argentina,N=Coalición Cívica,A=Partido Socialista,A=Concertación FORJA,A=Justicialista,N=Fte. Cívico y Social de Catamarca,A=Evolución Radical,A=Trabajo y Dignidad,A=Cultura Educación y Trabajo,A=Todos Juntos por San Juan,A=Frente para la Victoria - PJ,A=Córdoba Federal,N=PRO,A=Córdoba Trabajo y Producción
53,N=PRO,A=Somos San Juan,U=Primero Argentina,A=Córdoba Federal,U=Evolución Radical,A=Fte. de Izquierda y de los Trabajadores,A=Frente de la Concordia Misionero,A=Justicialista,A=Partido Bloquista de San Juan,A=Frente Progresista Cívico y Social,A=Protectora,A=Nuevo Espacio Santafesino,U=Cultura Educación y Trabajo,N=Unión Cívica Radical,U=Fte. Cívico y Social de Catamarca,N=Coalición Cívica,A=PTS - Frente de Izquierda,U=Justicialista por Tucumán,A=Salta Somos Todos,A=Unidad Justicialista,U=Libres del Sur,A=Elijo Catamarca,N=Frente Cívico por Santiago,A=Todos Juntos por San Juan,A=Federal Unidos por una Nueva Argentina,N=Partido por la Justicia Social,U=Somos Mendoza,A=Concertación FORJA,N=Movimiento Popular Neuquino,U=Córdoba Trabajo y Producción,A=Frente para la Victoria - PJ,A=Peronismo para la Victoria,A=Trabajo y Dignidad
12,A=Nuevo Espacio Santafesino,A=Córdoba Federal,A=Fte. de Izquierda y de los Trabajadores,A=Peronismo para la Victoria,A=Justicialista,A=Partido Socialista,N=Fte. Cívico y Social de Catamarca,A=Somos Mendoza,A=Trabajo y Dignidad,A=Primero Argentina,A=Frente para la Victoria - PJ,A=Unidad Justicialista,A=Justicialista por Tucumán,A=Salta Somos Todos,N=Movimiento Popular Neuquino,A=Cultura Educación y Trabajo,A=Federal Unidos por una Nueva Argentina,A=Frente de la Concordia Misionero,A=Partido Intransigente de Mendoza,N=Coalición Cívica,A=Elijo Catamarca,N=Partido por la Justicia Social,A=Partido Bloquista de San Juan,U=Concertación FORJA,A=Somos San Juan,A=Frente Cívico por Santiago,N=Unión Cívica Radical,A=Córdoba Trabajo y Producción,A=Todos Juntos por San Juan,A=PTS - Frente de Izquierda,A=Libres del Sur,N=PRO,A=Evolución Radical
26,N=PRO,A=Unidad Justicialista,N=Coalición Cívica,A=Partido Bloquista de San Juan,A=Federal Unidos por una Nueva Argentina,A=Frente de la Concordia Misionero,A=Trabajo y Dignidad,N=Movimiento Popular Neuquino,A=Justicialista,A=Justicialista por Tucumán,A=Partido Intransigente de Mendoza,N=Fte. Cívico y Social de Catamarca,A=Evolución Radical,U=Peronismo para la Victoria,A=Concertación FORJA,A=Somos San Juan,A=Frente Cívico por Santiago,A=Frente para la Victoria - PJ,A=Córdoba Federal,A=Somos Mendoza,A=Primero Argentina,A=Fte. de Izquierda y de los Trabajadores,A=Córdoba Trabajo y Producción,A=Nuevo Espacio Santafesino,N=Unión Cívica Radical,N=Partido por la Justicia Social,A=PTS - Frente de Izquierda,A=Salta Somos Todos,A=Todos Juntos por San Juan,A=Partido Socialista,A=Libres del Sur,A=Elijo Catamarca,A=Cultura Educación y Trabajo
39,N=PRO,N=Coalición Cívica,A=Partido Socialista,U=Somos Mendoza,A=Frente Cívico por Santiago,N=Unidad Justicialista,A=Fte. de Izquierda y de los Trabajadores,A=Frente de la Concordia Misionero,A=Córdoba Trabajo y Producción,A=Partido Intransigente de Mendoza,B=Nuevo Espacio Santafesino,A=Justicialista,A=Elijo Catamarca,B=Primero Argentina,A=Federal Unidos por una Nueva Argentina,A=Peronismo para la Victoria,U=Libres del Sur,A=Concertación FORJA,A=Córdoba Federal,A=PTS - Frente de Izquierda,A=Salta Somos Todos,A=Somos San Juan,A=Frente para la Victoria - PJ,N=Partido por la Justicia Social,A=Justicialista por Tucumán,N=Movimiento Popular Neuquino,A=Todos Juntos por San Juan,N=Unión Cívica Radical,A=Partido Bloquista de San Juan,A=Trabajo y Dignidad,N=Fte. Cívico y Social de Catamarca,A=Evolución Radical,A=Cultura Educación y Trabajo
72,A=Frente Cívico por Santiago,A=PRO,A=Evolución Radical,N=Frente Progresista Cívico y Social,N=Fte. de Izquierda y de los Trabajadores,N=Frente para la Victoria - PJ,U=Justicialista,U=Somos Mendoza,A=Elijo Catamarca,U=Salta Somos Todos,A=Córdoba Federal,U=Primero Argentina,A=Movimiento Popular Neuquino,U=Cultura Educación y Trabajo,U=Partido Bloquista de San Juan,U=Justicialista por Tucumán,N=Trabajo y Dignidad,U=Unidad Justicialista,N=Federal Unidos por una Nueva Argentina,U=Peronismo para la Victoria,U=Libres del Sur,A=Somos San Juan,A=Todos Juntos por San Juan,A=Unión Cívica Radical,A=Partido por la Justicia Social,U=Frente de la Concordia Misionero,A=Protectora,U=Fte. Cívico y Social de Catamarca,N=PTS - Frente de Izquierda,U=Córdoba Trabajo y Producción,N=Concertación FORJA,A=Coalición Cívica,U=Nuevo Espacio Santafesino
4,A=Movimiento Popular Neuquino,A=Frente Cívico por Santiago,A=Partido por la Justicia Social,A=Justicialista,A=Fte. Cívico y Social de Catamarca,A=Justicialista por Tucumán,A=Frente para la Victoria - PJ,A=Coalición Cívica,B=Fte. de Izquierda y de los Trabajadores,A=Trabajo y Dignidad,B=Córdoba Trabajo y Producción,A=Córdoba Federal,A=Evolución Radical,U=Partido Socialista,A=Elijo Catamarca,A=PRO,U=Libres del Sur,A=Concertación FORJA,A=Unidad Justicialista,A=Partido Bloquista de San Juan,B=PTS - Frente de Izquierda,A=Cultura Educación y Trabajo,A=Todos Juntos por San Juan,A=Federal Unidos por una Nueva Argentina,A=Peronismo para la Victoria,A=Frente de la Concordia Misionero,U=Nuevo Espacio Santafesino,A=Unión Cívica Radical,U=Somos Mendoza,A=Partido Intransigente de Mendoza,U=Primero Argentina,A=Salta Somos Todos,U=Somos San Juan
15,N=Salta Somos Todos,A=Cultura Educación y Trabajo,N=PRO,A=Fte. de Izquierda y de los Trabajadores,A=Partido Intransigente de Mendoza,U=Córdoba Federal,A=Justicialista,N=Fte. Cívico y Social de Catamarca,A=Córdoba Trabajo y Producción,N=Movimiento Popular Neuquino,N=Partido por la Justicia Social,A=PTS - Frente de Izquierda,A=Elijo Catamarca,A=Concertación FORJA,A=Frente para la Victoria - PJ,A=Partido Bloquista de San Juan,A=Partido Socialista,A=Primero Argentina,A=Unidad Justicialista,A=Trabajo y Dignidad,N=Coalición Cívica,U=Todos Juntos por San Juan,A=Federal Unidos por una Nueva Argentina,A=Evolución Radical,A=Frente de la Concordia Misionero,A=Libres del Sur,A=Somos San Juan,A=Frente Cívico por Santiago,A=Peronismo para la Victoria,A=Somos Mendoza,A=Justicialista por Tucumán,A=Nuevo Espacio Santafesino,N=Unión Cívica Radical
16,N=PRO,A=Frente para la Victoria - PJ,A=Libres del Sur,A=Concertación FORJA,A=Partido Bloquista de San Juan,A=Partido Socialista,A=Frente de la Concordia Misionero,U=Justicialista por Tucumán,A=Salta Somos Todos,A=Primero Argentina,N=Movimiento Popular Neuquino,U=Frente Cívico por Santiago,A=Federal Unidos por una Nueva Argentina,A=Evolución Radical,A=Peronismo para la Victoria,A=PTS - Frente de Izquierda,N=Partido por la Justicia Social,U=Córdoba Federal,U=Elijo Catamarca,A=Cultura Educación y Trabajo,A=Justicialista,N=Fte. Cívico y Social de Catamarca,A=Somos Mendoza,A=Trabajo y Dignidad,A=Nuevo Espacio Santafesino,A=Partido Intransigente de Mendoza,U=Todos Juntos por San Juan,N=Unión Cívica Radical,N=Coalición Cívica,A=Fte. de Izquierda y de los Trabajadores,A=Córdoba Trabajo y Producción,A=Unidad Justicialista,U=Somos San Juan
24,A=Justicialista,N=Fte. Cívico y Social de Catamarca,A=Frente de la Concordia Misionero,A=Primero Argentina,U=Frente Cívico por Santiago,N=PRO,A=Frente para la Victoria - PJ,A=Salta Somos Todos,A=Unidad Justicialista,A=Federal Unidos por una Nueva Argentina,A=Evolución Radical,A=Partido Bloquista de San Juan,A=Peronismo para la Victoria,A=Partido Intransigente de Mendoza,N=Movimiento Popular Neuquino,A=Todos Juntos por San Juan,A=PTS - Frente de Izquierda,A=Libres del Sur,A=Córdoba Trabajo y Producción,A=Concertación FORJA,A=Somos San Juan,A=Cultura Educación y Trabajo,A=Partido Socialista,A=Fte. de Izquierda y de los Trabajadores,A=Somos Mendoza,A=Elijo Catamarca,A=Trabajo y Dignidad,N=Unión Cívica Radical,N=Partido por la Justicia Social,A=Córdoba Federal,N=Coalición Cívica,A=Justicialista por Tucumán,A=Nuevo Espacio Santafesino
33,N=Coalición Cívica,A=Fte. de Izquierda y de los Trabajadores,A=Elijo Catamarca,N=Movimiento Popular Neuquino,N=PRO,A=Evolución Radical,A=Partido Socialista,A=Justicialista por Tucumán,A=Córdoba Trabajo y Producción,A=Nuevo Espacio Santafesino,A=Cultura Educación y Trabajo,A=Federal Unidos por una Nueva Argentina,A=Peronismo para la Victoria,A=Córdoba Federal,A=Somos Mendoza,A=Trabajo y Dignidad,A=Concertación FORJA,A=Frente de la Concordia Misionero,U=Libres del Sur,A=Partido Bloquista de San Juan,A=Somos San Juan,A=Partido Intransigente de Mendoza,A=Frente para la Victoria - PJ,A=Unidad Justicialista,N=Fte. Cívico y Social de Catamarca,A=Todos Juntos por San Juan,N=Unión Cívica Radical,N=Partido por la Justicia Social,A=Justicialista,A=PTS - Frente de Izquierda,N=Salta Somos Todos,A=Primero Argentina,U=Frente Cívico por Santiago
57,N=PRO,A=Frente para la Victoria - PJ,U=Somos Mendoza,A=Trabajo y Dignidad,A=Federal Unidos por una Nueva Argentina,A=Justicialista,N=Coalición Cívica,N=Evolución Radical,A=Peronismo para la Victoria,A=Fte. de Izquierda y de los Trabajadores,A=Todos Juntos por San Juan,A=Unidad Justicialista,U=Libres del Sur,U=Córdoba Trabajo y Producción,A=Protectora,A=PTS - Frente de Izquierda,A=Somos San Juan,U=Primero Argentina,U=Cultura Educación y Trabajo,N=Partido por la Justicia Social,A=Partido Bloquista de San Juan,U=Salta Somos Todos,N=Movimiento Popular Neuquino,U=Fte. Cívico y Social de Catamarca,A=Justicialista por Tucumán,U=Nuevo Espacio Santafesino,A=Frente Progresista Cívico y Social,U=Concertación FORJA,A=Córdoba Federal,U=Frente de la Concordia Misionero,U=Elijo Catamarca,N=Frente Cívico por Santiago,N=Unión Cívica Radical
8,A=Partido por la Justicia Social,U=Libres del Sur,A=Evolución Radical,A=Frente de la Concordia Misionero,A=Elijo Catamarca,A=Salta Somos Todos,A=Frente Cívico por Santiago,U=Justicialista por Tucumán,U=Somos San Juan,U=Primero Argentina,N=Nuevo Espacio Santafesino,B=Córdoba Trabajo y Producción,A=PRO,B=Federal Unidos por una Nueva Argentina,A=Córdoba Federal,A=Coalición Cívica,B=Trabajo y Dignidad,N=Frente para la Victoria - PJ,A=Partido Bloquista de San Juan,N=Fte. de Izquierda y de los Trabajadores,B=Unidad Justicialista,N=PTS - Frente de Izquierda,U=Concertación FORJA,A=Partido Intransigente de Mendoza,B=Cultura Educación y Trabajo,A=Todos Juntos por San Juan,A=Justicialista,A=Fte. Cívico y Social de Catamarca,A=Movimiento Popular Neuquino,A=Unión Cívica Radical,N=Partido Socialista,N=Peronismo para la Victoria,N=Somos Mendoza
10,A=Fte. de Izquierda y de los Trabajadores,A=Frente de la Concordia Misionero,A=Nuevo Espacio Santafesino,A=Libres del Sur,A=Somos Mendoza,A=Elijo Catamarca,A=Frente Cívico por Santiago,A=Justicialista,A=Córdoba Federal,N=Evolución Radical,A=Peronismo para la Victoria,N=Unión Cívica Radical,A=Primero Argentina,A=Todos Juntos por San Juan,N=Partido por la Justicia Social,A=Partido Socialista,A=Partido Intransigente de Mendoza,A=PTS - Frente de Izquierda,A=Federal Unidos por una Nueva Argentina,N=Coalición Cívica,A=Justicialista por Tucumán,A=Somos San Juan,N=Movimiento Popular Neuquino,N=Fte. Cívico y Social de Catamarca,A=Partido Bloquista de San Juan,A=Trabajo y Dignidad,U=Concertación FORJA,A=Cultura Educación y Trabajo,N=PRO,A=Frente para la Victoria - PJ,A=Unidad Justicialista,A=Córdoba Trabajo y Producción,A=Salta Somos Todos
17,A=Somos Mendoza,A=Partido Intransigente de Mendoza,A=Cultura Educación y Trabajo,U=Frente Cívico por Santiago,A=Justicialista,N=Fte. Cívico y Social de Catamarca,A=Primero Argentina,A=Nuevo Espacio Santafesino,A=Unidad Justicialista,A=Frente de la Concordia Misionero,A=Trabajo y Dignidad,A=Somos San Juan,A=Federal Unidos por una Nueva Argentina,N=Unión Cívica Radical,A=Evolución Radical,A=Elijo Catamarca,N=PRO,U=Córdoba Federal,N=Coalición Cívica,A=PTS - Frente de Izquierda,A=Concertación FORJA,N=Movimiento Popular Neuquino,N=Partido por la Justicia Social,A=Fte. de Izquierda y de los Trabajadores,A=Córdoba Trabajo y Producción,A=Partido Bloquista de San Juan,A=Libres del Sur,A=Justicialista por Tucumán,A=Salta Somos Todos,A=Peronismo para la Victoria,A=Frente para la Victoria - PJ,A=Partido Socialista,A=Todos Juntos por San Juan
22,U=Frente Cívico por Santiago,A=Unidad Justicialista,A=Federal Unidos por una Nueva Argentina,U=Fte. de Izquierda y de los Trabajadores,A=Somos Mendoza,A=Primero Argentina,A=Frente de la Concordia Misionero,A=Cultura Educación y Trabajo,A=Todos Juntos por San Juan,N=Unión Cívica Radical,N=Fte. Cívico y Social de Catamarca,U=Córdoba Federal,N=Coalición Cívica,A=PTS - Frente de Izquierda,A=Movimiento Popular Neuquino,A=Frente para la Victoria - PJ,A=Justicialista,A=Peronismo para la Victoria,A=Justicialista por Tucumán,A=Córdoba Trabajo y Producción,U=Nuevo Espacio Santafesino,A=Libres del Sur,A=Partido Socialista,N=Partido por la Justicia Social,A=Evolución Radical,U=Salta Somos Todos,A=Somos San Juan,A=Partido Intransigente de Mendoza,N=PRO,A=Partido Bloquista de San Juan,A=Elijo Catamarca,A=Trabajo y Dignidad,A=Concertación FORJA
29,A=Unidad Justicialista,U=Fte. de Izquierda y de los Trabajadores,A=Justicialista por Tucumán,A=Somos Mendoza,A=Córdoba Trabajo y Producción,N=Movimiento Popular Neuquino,A=Partido Intransigente de Mendoza,A=Todos Juntos por San Juan,N=Unión Cívica Radical,A=PTS - Frente de Izquierda,A=Frente de la Concordia Misionero,A=Libres del Sur,A=Trabajo y Dignidad,A=Salta Somos Todos,A=Frente Cívico por Santiago,N=Partido por la Justicia Social,A=Evolución Radical,A=Partido Socialista,A=Peronismo para la Victoria,N=PRO,A=Frente para la Victoria - PJ,N=Fte. Cívico y Social de Catamarca,N=Coalición Cívica,A=Elijo Catamarca,A=Concertación FORJA,A=Primero Argentina,U=Nuevo Espacio Santafesino,A=Federal Unidos por una Nueva Argentina,A=Justicialista,A=Córdoba Federal,A=Cultura Educación y Trabajo,A=Partido Bloquista de San Juan,A=Somos San Juan
32,A=Evolución Radical,A=Partido Socialista,U=Libres del Sur,A=Todos Juntos por San Juan,A=Partido Bloquista de San Juan,A=Somos Mendoza,U=Elijo Catamarca,A=Trabajo y Dignidad,A=Concertación FORJA,A=Somos San Juan,A=Nuevo Espacio Santafesino,A=Unidad Justicialista,U=Partido por la Justicia Social,A=Partido Intransigente de Mendoza,A=Cultura Educación y Trabajo,U=Frente Cívico por Santiago,A=Córdoba Federal,A=PTS - Frente de Izquierda,A=Fte. de Izquierda y de los Trabajadores,A=Justicialista por Tucumán,A=Frente para la Victoria - PJ,U=Salta Somos Todos,N=Fte. Cívico y Social de Catamarca,N=Coalición Cívica,A=Primero Argentina,N=PRO,A=Justicialista,A=Frente de la Concordia Misionero,A=Federal Unidos por una Nueva Argentina,A=Peronismo para la Victoria,A=Córdoba Trabajo y Producción,N=Movimiento Popular Neuquino,N=Unión Cívica Radical
71,A=Partido por la Justicia Social,A=Peronismo para la Victoria,A=Somos San Juan,A=Todos Juntos por San Juan,A=Evolución Radical,N=Elijo Catamarca,U=Salta Somos Todos,U=Fte. Cívico y Social de Catamarca,U=Somos Mendoza,U=Córdoba Trabajo y Producción,U=Cultura Educación y Trabajo,A=PRO,N=Frente Progresista Cívico y Social,U=Justicialista por Tucumán,U=Primero Argentina,A=Frente Cívico por Santiago,U=Federal Unidos por una Nueva Argentina,A=Coalición Cívica,U=Partido Bloquista de San Juan,N=Fte. de Izquierda y de los Trabajadores,U=Frente de la Concordia Misionero,U=Nuevo Espacio Santafesino,A=Movimiento Popular Neuquino,A=Unión Cívica Radical,N=Córdoba Federal,A=Protectora,N=Frente para la Victoria - PJ,A=Unidad Justicialista,N=PTS - Frente de Izquierda,A=Libres del Sur,A=Trabajo y Dignidad,B=Concertación FORJA,U=Justicialista
19,A=Justicialista por Tucumán,A=Frente para la Victoria - PJ,A=Unidad Justicialista,A=Somos Mendoza,A=Nuevo Espacio Santafesino,A=Todos Juntos por San Juan,A=Concertación FORJA,A=Partido Intransigente de Mendoza,A=Somos San Juan,N=Fte. Cívico y Social de Catamarca,U=Córdoba Federal,A=Partido Bloquista de San Juan,A=PTS - Frente de Izquierda,A=Fte. de Izquierda y de los Trabajadores,A=Frente Cívico por Santiago,N=Coalición Cívica,A=Peronismo para la Victoria,N=Movimiento Popular Neuquino,A=Federal Unidos por una Nueva Argentina,A=Evolución Radical,N=Salta Somos Todos,A=Elijo Catamarca,U=Córdoba Trabajo y Producción,A=Primero Argentina,A=Libres del Sur,A=Cultura Educación y Trabajo,N=Unión Cívica Radical,A=Justicialista,A=Frente de la Concordia Misionero,A=Trabajo y Dignidad,N=PRO,N=Partido por la Justicia Social,A=Partido Socialista
49,A=Unidad Justicialista,N=Partido Bloquista de San Juan,N=Frente de la Concordia Misionero,A=Justicialista por Tucumán,N=Frente Cívico por Santiago,N=Coalición Cívica,A=Somos San Juan,A=PTS - Frente de Izquierda,U=Córdoba Trabajo y Producción,U=Cultura Educación y Trabajo,A=Todos Juntos por San Juan,A=Frente para la Victoria - PJ,U=Fte. Cívico y Social de Catamarca,A=Fte. de Izquierda y de los Trabajadores,U=Libres del Sur,N=Salta Somos Todos,U=Primero Argentina,N=Unión Cívica Radical,N=Federal Unidos por una Nueva Argentina,A=Peronismo para la Victoria,U=Somos Mendoza,A=Elijo Catamarca,N=Trabajo y Dignidad,A=Justicialista,A=Córdoba Federal,N=Frente Progresista Cívico y Social,U=Movimiento Popular Neuquino,N=PRO,N=Partido por la Justicia Social,U=Evolución Radical,A=Concertación FORJA,A=Protectora,A=Nuevo Espacio Santafesino
51,U=Somos Mendoza,A=Trabajo y Dignidad,N=Concertación FORJA,N=Protectora,A=Nuevo Espacio Santafesino,N=Frente para la Victoria - PJ,N=Partido por la Justicia Social,A=Justicialista por Tucumán,A=Todos Juntos por San Juan,A=Frente Progresista Cívico y Social,A=PTS - Frente de Izquierda,A=Elijo Catamarca,U=Primero Argentina,N=PRO,A=Unidad Justicialista,A=Somos San Juan,U=Fte. Cívico y Social de Catamarca,N=Partido Bloquista de San Juan,A=Peronismo para la Victoria,N=Frente de la Concordia Misionero,U=Frente Cívico por Santiago,U=Evolución Radical,U=Movimiento Popular Neuquino,U=Cultura Educación y Trabajo,N=Coalición Cívica,A=Fte. de Izquierda y de los Trabajadores,N=Unión Cívica Radical,U=Córdoba Trabajo y Producción,B=Córdoba Federal,U=Libres del Sur,A=Salta Somos Todos,A=Federal Unidos por una Nueva Argentina,N=Justicialista
25,N=Fte. Cívico y Social de Catamarca,A=Frente de la Concordia Misionero,A=Partido Intransigente de Mendoza,A=Primero Argentina,A=Todos Juntos por San Juan,A=Trabajo y Dignidad,A=Salta Somos Todos,A=Frente Cívico por Santiago,N=Coalición Cívica,A=PTS - Frente de Izquierda,A=Fte. de Izquierda y de los Trabajadores,A=Libres del Sur,A=Cultura Educación y Trabajo,N=Partido por la Justicia Social,A=Peronismo para la Victoria,A=Somos San Juan,A=Nuevo Espacio Santafesino,A=Frente para la Victoria - PJ,A=Unidad Justicialista,N=Unión Cívica Radical,A=Partido Socialista,A=Concertación FORJA,N=Movimiento Popular Neuquino,N=PRO,A=Justicialista,A=Partido Bloquista de San Juan,A=Elijo Catamarca,A=Córdoba Trabajo y Producción,A=Federal Unidos por una Nueva Argentina,A=Evolución Radical,A=Somos Mendoza,A=Córdoba Federal,A=Justicialista por Tucumán
28,U=Frente Cívico por Santiago,A=Frente para la Victoria - PJ,N=Coalición Cívica,N=PRO,A=Todos Juntos por San Juan,N=Unión Cívica Radical,U=PTS - Frente de Izquierda,A=Primero Argentina,N=Partido por la Justicia Social,N=Fte. Cívico y Social de Catamarca,A=Unidad Justicialista,A=Fte. de Izquierda y de los Trabajadores,A=Libres del Sur,A=Concertación FORJA,N=Movimiento Popular Neuquino,A=Partido Intransigente de Mendoza,A=Justicialista,A=Partido Bloquista de San Juan,A=Partido Socialista,A=Frente de la Concordia Misionero,A=Córdoba Trabajo y Producción,A=Salta Somos Todos,A=Córdoba Federal,A=Peronismo para la Victoria,A=Somos Mendoza,A=Justicialista por Tucumán,A=Trabajo y Dignidad,A=Federal Unidos por una Nueva Argentina,A=Evolución Radical,A=Elijo Catamarca,A=Somos San Juan,A=Nuevo Espacio Santafesino,A=Cultura Educación y Trabajo
48,U=Somos Mendoza,A=Protectora,N=Todos Juntos por San Juan,A=Justicialista,A=Frente de la Concordia Misionero,N=Justicialista por Tucumán,B=Trabajo y Dignidad,N=Somos San Juan,N=Frente Cívico por Santiago,A=Unidad Justicialista,A=Peronismo para la Victoria,A=Concertación FORJA,N=PRO,U=Fte. Cívico y Social de Catamarca,N=Partido Bloquista de San Juan,A=Frente Progresista Cívico y Social,A=PTS - Frente de Izquierda,U=Salta Somos Todos,A=Nuevo Espacio Santafesino,U=Cultura Educación y Trabajo,B=Federal Unidos por una Nueva Argentina,U=Evolución Radical,U=Primero Argentina,A=Fte. de Izquierda y de los Trabajadores,U=Libres del Sur,A=Frente para la Victoria - PJ,A=Elijo Catamarca,N=Córdoba Federal,N=Coalición Cívica,U=Córdoba Trabajo y Producción,U=Movimiento Popular Neuquino,N=Unión Cívica Radical,N=Partido por la Justicia Social
56,N=Partido por la Justicia Social,A=Trabajo y Dignidad,N=PRO,A=Peronismo para la Victoria,A=Justicialista por Tucumán,A=Justicialista,N=Frente Progresista Cívico y Social,A=Frente de la Concordia Misionero,U=Libres del Sur,N=Unión Cívica Radical,U=Somos Mendoza,U=Nuevo Espacio Santafesino,A=PTS - Frente de Izquierda,A=Somos San Juan,U=Primero Argentina,A=Córdoba Federal,A=Frente para la Victoria - PJ,A=Unidad Justicialista,U=Fte. Cívico y Social de Catamarca,N=Coalición Cívica,A=Partido Bloquista de San Juan,A=Elijo Catamarca,U=Concertación FORJA,N=Frente Cívico por Santiago,U=Evolución Radical,A=Fte. de Izquierda y de los Trabajadores,U=Córdoba Trabajo y Producción,U=Salta Somos Todos,A=Protectora,A=Federal Unidos por una Nueva Argentina,N=Movimiento Popular Neuquino,U=Cultura Educación y Trabajo,A=Todos Juntos por San Juan
9,N=Frente para la Victoria - PJ,A=Justicialista,N=PTS - Frente de Izquierda,U=Concertación FORJA,N=Nuevo Espacio Santafesino,N=Partido Socialista,N=Peronismo para la Victoria,U=Frente de la Concordia Misionero,N=Trabajo y Dignidad,U=Córdoba Trabajo y Producción,A=Partido Intransigente de Mendoza,A=Frente Cívico por Santiago,A=Unidad Justicialista,U=Libres del Sur,A=Somos Mendoza,U=Justicialista por Tucumán,A=Movimiento Popular Neuquino,N=Cultura Educación y Trabajo,U=Todos Juntos por San Juan,A=Partido por la Justicia Social,A=Elijo Catamarca,A=Salta Somos Todos,U=Somos San Juan,U=Primero Argentina,A=Unión Cívica Radical,A=Córdoba Federal,A=Coalición Cívica,N=Fte. de Izquierda y de los Trabajadores,A=PRO,A=Evolución Radical,A=Partido Bloquista de San Juan,N=Federal Unidos por una Nueva Argentina,A=Fte. Cívico y Social de Catamarca
18,N=Frente para la Victoria - PJ,A=Fte. Cívico y Social de Catamarca,N=PTS - Frente de Izquierda,N=Justicialista por Tucumán,N=Frente de la Concordia Misionero,N=Unidad Justicialista,N=Partido Bloquista de San Juan,A=Somos Mendoza,N=Somos San Juan,A=PRO,N=Evolución Radical,N=Libres del Sur,N=Nuevo Espacio Santafesino,N=Cultura Educación y Trabajo,N=Todos Juntos por San Juan,N=Federal Unidos por una Nueva Argentina,A=Partido por la Justicia Social,A=Coalición Cívica,N=Partido Socialista,N=Peronismo para la Victoria,N=Fte. de Izquierda y de los Trabajadores,N=Concertación FORJA,A=Unión Cívica Radical,U=Córdoba Federal,A=Salta Somos Todos,N=Movimiento Popular Neuquino,N=Elijo Catamarca,N=Trabajo y Dignidad,U=Córdoba Trabajo y Producción,N=Partido Intransigente de Mendoza,A=Frente Cívico por Santiago,N=Justicialista,N=Primero Argentina
30,A=Peronismo para la Victoria,A=Somos San Juan,A=Primero Argentina,A=Nuevo Espacio Santafesino,A=Partido Socialista,N=Unión Cívica Radical,A=Elijo Catamarca,A=Cultura Educación y Trabajo,A=Frente para la Victoria - PJ,A=Córdoba Federal,A=Evolución Radical,A=Partido Bloquista de San Juan,U=Salta Somos Todos,N=Partido por la Justicia Social,A=Todos Juntos por San Juan,A=Unidad Justicialista,A=Justicialista,N=Fte. Cívico y Social de Catamarca,N=Coalición Cívica,U=Libres del Sur,A=Justicialista por Tucumán,U=Frente Cívico por Santiago,A=Partido Intransigente de Mendoza,A=Frente de la Concordia Misionero,A=Federal Unidos por una Nueva Argentina,A=Fte. de Izquierda y de los Trabajadores,N=PRO,A=Somos Mendoza,A=Trabajo y Dignidad,A=Córdoba Trabajo y Producción,A=PTS - Frente de Izquierda,N=Movimiento Popular Neuquino,A=Concertación FORJA
46,N=PRO,A=Evolución Radical,A=Libres del Sur,A=PTS - Frente de Izquierda,N=Somos San Juan,A=Nuevo Espacio Santafesino,N=Partido Bloquista de San Juan,N=Movimiento Popular Neuquino,N=Todos Juntos por San Juan,A=Frente para la Victoria - PJ,N=Federal Unidos por una Nueva Argentina,N=Fte. Cívico y Social de Catamarca,N=Partido Intransigente de Mendoza,N=Cultura Educación y Trabajo,N=Justicialista,N=Coalición Cívica,N=Frente Progresista Cívico y Social,A=Peronismo para la Victoria,N=Partido por la Justicia Social,A=Fte. de Izquierda y de los Trabajadores,N=Frente de la Concordia Misionero,N=Justicialista por Tucumán,N=Trabajo y Dignidad,A=Primero Argentina,N=Frente Cívico por Santiago,N=Unidad Justicialista,N=Somos Mendoza,N=Concertación FORJA,A=Unión Cívica Radical,N=Córdoba Federal,N=Elijo Catamarca,N=Córdoba Trabajo y Producción,N=Salta Somos Todos
69,N=Concertación FORJA,U=Cultura Educación y Trabajo,N=Frente para la Victoria - PJ,A=Evolución Radical,U=Partido Bloquista de San Juan,A=Peronismo para la Victoria,U=Salta Somos Todos,A=Protectora,U=Primero Argentina,U=Nuevo Espacio Santafesino,A=Frente Cívico por Santiago,A=Todos Juntos por San Juan,A=Córdoba Federal,A=Coalición Cívica,A=Frente Progresista Cívico y Social,A=Libres del Sur,A=Elijo Catamarca,A=PRO,A=Unidad Justicialista,U=Fte. Cívico y Social de Catamarca,U=PTS - Frente de Izquierda,A=Movimiento Popular Neuquino,U=Justicialista,U=Justicialista por Tucumán,U=Córdoba Trabajo y Producción,A=Somos San Juan,A=Unión Cívica Radical,U=Fte. de Izquierda y de los Trabajadores,A=Somos Mendoza,A=Trabajo y Dignidad,A=Federal Unidos por una Nueva Argentina,U=Partido por la Justicia Social,A=Frente de la Concordia Misionero
11,N=Unión Cívica Radical,A=Justicialista,U=Concertación FORJA,N=Movimiento Popular Neuquino,A=Cultura Educación y Trabajo,N=Coalición Cívica,A=Peronismo para la Victoria,A=Libres del Sur,A=Córdoba Trabajo y Producción,A=Federal Unidos por una Nueva Argentina,A=Frente de la Concordia Misionero,A=Somos San Juan,A=Somos Mendoza,A=Trabajo y Dignidad,A=Salta Somos Todos,N=Partido por la Justicia Social,N=Fte. Cívico y Social de Catamarca,U=Partido Socialista,A=Fte. de Izquierda y de los Trabajadores,A=Nuevo Espacio Santafesino,A=Elijo Catamarca,A=Frente Cívico por Santiago,A=Todos Juntos por San Juan,A=Córdoba Federal,A=Partido Bloquista de San Juan,A=PTS - Frente de Izquierda,A=Primero Argentina,N=PRO,A=Frente para la Victoria - PJ,A=Unidad Justicialista,A=Evolución Radical,A=Justicialista por Tucumán,A=Partido Intransigente de Mendoza
20,N=PRO,A=Justicialista,A=Partido Socialista,A=Justicialista por Tucumán,U=Córdoba Trabajo y Producción,A=Cultura Educación y Trabajo,A=Frente Cívico por Santiago,A=Federal Unidos por una Nueva Argentina,A=Primero Argentina,U=Fte. de Izquierda y de los Trabajadores,A=Libres del Sur,A=Salta Somos Todos,A=Frente para la Victoria - PJ,N=Partido por la Justicia Social,U=Córdoba Federal,A=Peronismo para la Victoria,A=Trabajo y Dignidad,A=Concertación FORJA,A=Partido Bloquista de San Juan,A=Frente de la Concordia Misionero,A=Somos Mendoza,A=Elijo Catamarca,A=Todos Juntos por San Juan,N=Fte. Cívico y Social de Catamarca,A=Evolución Radical,N=Movimiento Popular Neuquino,N=Coalición Cívica,A=Nuevo Espacio Santafesino,A=Unidad Justicialista,N=Unión Cívica Radical,A=PTS - Frente de Izquierda,A=Somos San Juan,A=Partido Intransigente de Mendoza
31,A=Frente para la Victoria - PJ,A=Justicialista por Tucumán,U=Salta Somos Todos,A=Primero Argentina,A=Fte. de Izquierda y de los Trabajadores,A=Elijo Catamarca,A=Federal Unidos por una Nueva Argentina,U=PTS - Frente de Izquierda,A=Somos Mendoza,U=Frente Cívico por Santiago,N=PRO,A=Justicialista,N=Fte. Cívico y Social de Catamarca,A=Partido Socialista,N=Coalición Cívica,A=Nuevo Espacio Santafesino,A=Todos Juntos por San Juan,N=Unión Cívica Radical,A=Peronismo para la Victoria,A=Córdoba Trabajo y Producción,A=Cultura Educación y Trabajo,A=Evolución Radical,A=Partido Bloquista de San Juan,U=Libres del Sur,A=Trabajo y Dignidad,A=Somos San Juan,A=Partido Intransigente de Mendoza,A=Unidad Justicialista,U=Partido por la Justicia Social,A=Córdoba Federal,A=Frente de la Concordia Misionero,A=Concertación FORJA,U=Movimiento Popular Neuquino
43,A=Todos Juntos por San Juan,A=Partido Bloquista de San Juan,N=Libres del Sur,A=Partido Intransigente de Mendoza,A=Cultura Educación y Trabajo,A=Córdoba Federal,A=Evolución Radical,N=PTS - Frente de Izquierda,N=Fte. de Izquierda y de los Trabajadores,A=Federal Unidos por una Nueva Argentina,N=Peronismo para la Victoria,A=Trabajo y Dignidad,N=Concertación FORJA,N=Primero Argentina,N=Frente para la Victoria - PJ,A=Justicialista,A=Partido Socialista,A=Justicialista por Tucumán,A=PRO,A=Somos Mendoza,A=Elijo Catamarca,A=Frente de la Concordia Misionero,A=Córdoba Trabajo y Producción,A=Salta Somos Todos,A=Coalición Cívica,N=Nuevo Espacio Santafesino,A=Frente Cívico por Santiago,N=Unidad Justicialista,A=Unión Cívica Radical,A=Fte. Cívico y Social de Catamarca,A=Partido por la Justicia Social,A=Somos San Juan,U=Movimiento Popular Neuquino
54,A=Federal Unidos por una Nueva Argentina,U=Evolución Radical,U=Libres del Sur,U=Nuevo Espacio Santafesino,N=Movimiento Popular Neuquino,N=Partido por la Justicia Social,A=Justicialista,A=Concertación FORJA,U=Primero Argentina,A=Frente para la Victoria - PJ,N=Unión Cívica Radical,U=Fte. Cívico y Social de Catamarca,A=Frente de la Concordia Misionero,A=Justicialista por Tucumán,A=Trabajo y Dignidad,U=Frente Cívico por Santiago,U=Somos Mendoza,N=PRO,U=Peronismo para la Victoria,A=PTS - Frente de Izquierda,U=Salta Somos Todos,U=Cultura Educación y Trabajo,A=Unidad Justicialista,A=Partido Bloquista de San Juan,A=Fte. de Izquierda y de los Trabajadores,A=Elijo Catamarca,U=Córdoba Trabajo y Producción,A=Somos San Juan,A=Protectora,A=Córdoba Federal,A=Frente Progresista Cívico y Social,A=Todos Juntos por San Juan,N=Coalición Cívica
59,A=Somos San Juan,A=Federal Unidos por una Nueva Argentina,N=PTS - Frente de Izquierda,N=Fte. de Izquierda y de los Trabajadores,A=Justicialista por Tucumán,A=Elijo Catamarca,U=Córdoba Trabajo y Producción,U=Salta Somos Todos,A=Frente Cívico por Santiago,A=Todos Juntos por San Juan,A=Córdoba Federal,N=Libres del Sur,A=Somos Mendoza,U=Cultura Educación y Trabajo,U=Partido Bloquista de San Juan,A=Protectora,U=Fte. Cívico y Social de Catamarca,N=Peronismo para la Victoria,A=Frente de la Concordia Misionero,U=Nuevo Espacio Santafesino,A=Unidad Justicialista,A=Coalición Cívica,A=Evolución Radical,U=Primero Argentina,A=PRO,A=Unión Cívica Radical,A=Partido por la Justicia Social,A=Concertación FORJA,A=Movimiento Popular Neuquino,A=Frente para la Victoria - PJ,A=Justicialista,A=Frente Progresista Cívico y Social,A=Trabajo y Dignidad
66,A=Córdoba Federal,U=Cultura Educación y Trabajo,A=Frente para la Victoria - PJ,A=Unidad Justicialista,A=Todos Juntos por San Juan,B=Fte. de Izquierda y de los Trabajadores,A=Frente de la Concordia Misionero,U=Nuevo Espacio Santafesino,A=Movimiento Popular Neuquino,A=Frente Cívico por Santiago,A=PRO,A=Peronismo para la Victoria,B=PTS - Frente de Izquierda,U=Fte. Cívico y Social de Catamarca,A=Coalición Cívica,U=Córdoba Trabajo y Producción,A=Concertación FORJA,A=Justicialista,A=Elijo Catamarca,A=Somos San Juan,U=Primero Argentina,A=Justicialista por Tucumán,U=Trabajo y Dignidad,A=Protectora,U=Partido Bloquista de San Juan,A=Frente Progresista Cívico y Social,A=Partido por la Justicia Social,A=Somos Mendoza,A=Evolución Radical,A=Libres del Sur,U=Salta Somos Todos,A=Unión Cívica Radical,A=Federal Unidos por una Nueva Argentina
1,U=Libres del Sur,N=Elijo Catamarca,N=Salta Somos Todos,A=Nuevo Espacio Santafesino,N=Partido por la Justicia Social,N=Coalición Cívica,N=Partido Bloquista de San Juan,A=Peronismo para la Victoria,N=Somos Mendoza,A=Córdoba Trabajo y Producción,N=Partido Intransigente de Mendoza,A=Cultura Educación y Trabajo,N=Todos Juntos por San Juan,A=Federal Unidos por una Nueva Argentina,N=Fte. Cívico y Social de Catamarca,A=PTS - Frente de Izquierda,N=Frente Cívico por Santiago,N=Córdoba Federal,N=Movimiento Popular Neuquino,N=Unión Cívica Radical,N=Justicialista por Tucumán,N=Evolución Radical,U=Primero Argentina,A=Fte. de Izquierda y de los Trabajadores,A=Trabajo y Dignidad,A=Somos San Juan,A=Frente para la Victoria - PJ,N=Justicialista,A=Partido Socialista,N=Frente de la Concordia Misionero,N=PRO,N=Unidad Justicialista,A=Concertación FORJA
35,A=Somos Mendoza,U=Justicialista por Tucumán,A=Primero Argentina,A=Frente para la Victoria - PJ,N=Coalición Cívica,A=Evolución Radical,U=Todos Juntos por San Juan,A=Unidad Justicialista,A=Trabajo y Dignidad,N=Movimiento Popular Neuquino,A=Partido Intransigente de Mendoza,A=Cultura Educación y Trabajo,A=Federal Unidos por una Nueva Argentina,A=Córdoba Federal,U=Partido Socialista,A=Partido Bloquista de San Juan,A=Fte. de Izquierda y de los Trabajadores,A=Frente de la Concordia Misionero,U=Libres del Sur,N=PRO,N=Unión Cívica Radical,N=Partido por la Justicia Social,A=Nuevo Espacio Santafesino,A=PTS - Frente de Izquierda,A=Córdoba Trabajo y Producción,U=Salta Somos Todos,U=Frente Cívico por Santiago,A=Elijo Catamarca,U=Somos San Juan,A=Concertación FORJA,U=Justicialista,U=Fte. Cívico y Social de Catamarca,U=Peronismo para la Victoria
40,N=Partido por la Justicia Social,B=Justicialista por Tucumán,U=Concertación FORJA,B=Cultura Educación y Trabajo,A=Unidad Justicialista,N=Elijo Catamarca,A=Primero Argentina,U=Córdoba Federal,N=Salta Somos Todos,B=Todos Juntos por San Juan,B=Federal Unidos por una Nueva Argentina,B=Justicialista,N=Fte. Cívico y Social de Catamarca,A=Frente para la Victoria - PJ,B=Evolución Radical,B=Córdoba Trabajo y Producción,U=Movimiento Popular Neuquino,U=Libres del Sur,N=Frente Cívico por Santiago,A=Partido Socialista,A=Peronismo para la Victoria,A=Fte. de Izquierda y de los Trabajadores,N=Unión Cívica Radical,N=Frente de la Concordia Misionero,B=Partido Intransigente de Mendoza,A=Nuevo Espacio Santafesino,A=Somos Mendoza,B=Somos San Juan,N=PRO,N=Coalición Cívica,B=Partido Bloquista de San Juan,A=PTS - Frente de Izquierda,B=Trabajo y Dignidad
45,A=Justicialista por Tucumán,A=Federal Unidos por una Nueva Argentina,A=Elijo Catamarca,A=Fte. de Izquierda y de los Trabajadores,A=Trabajo y Dignidad,U=Movimiento Popular Neuquino,A=Cultura Educación y Trabajo,A=Frente Cívico por Santiago,A=Todos Juntos por San Juan,N=Unión Cívica Radical,U=Coalición Cívica,B=Evolución Radical,A=Peronismo para la Victoria,A=Somos San Juan,A=Primero Argentina,N=PRO,A=Unidad Justicialista,A=Nuevo Espacio Santafesino,A=Córdoba Federal,A=Somos Mendoza,A=Frente para la Victoria - PJ,N=Partido por la Justicia Social,A=Partido Bloquista de San Juan,U=Frente de la Concordia Misionero,A=Justicialista,A=Concertación FORJA,A=Libres del Sur,N=Fte. Cívico y Social de Catamarca,A=Partido Socialista,A=Salta Somos Todos,A=Partido Intransigente de Mendoza,A=PTS - Frente de Izquierda,A=Córdoba Trabajo y Producción
47,A=Fte. de Izquierda y de los Trabajadores,U=Libres del Sur,A=Elijo Catamarca,A=Somos San Juan,N=PRO,A=Frente para la Victoria - PJ,N=Partido por la Justicia Social,A=Peronismo para la Victoria,A=Todos Juntos por San Juan,A=Federal Unidos por una Nueva Argentina,A=Concertación FORJA,N=Frente Cívico por Santiago,A=Protectora,A=Nuevo Espacio Santafesino,U=Movimiento Popular Neuquino,N=Coalición Cívica,A=PTS - Frente de Izquierda,U=Somos Mendoza,U=Córdoba Trabajo y Producción,A=Partido Bloquista de San Juan,A=Justicialista por Tucumán,A=Trabajo y Dignidad,U=Salta Somos Todos,U=Cultura Educación y Trabajo,N=Unión Cívica Radical,U=Fte. Cívico y Social de Catamarca,A=Córdoba Federal,U=Evolución Radical,A=Frente Progresista Cívico y Social,A=Unidad Justicialista,A=Justicialista,A=Frente de la Concordia Misionero,U=Primero Argentina
67,A=PRO,A=Evolución Radical,A=Frente de la Concordia Misionero,A=Somos Mendoza,A=Elijo Catamarca,U=Justicialista por Tucumán,A=Partido por la Justicia Social,A=Frente Progresista Cívico y Social,U=Trabajo y Dignidad,U=Primero Argentina,U=Córdoba Trabajo y Producción,A=Movimiento Popular Neuquino,A=Todos Juntos por San Juan,U=Fte. Cívico y Social de Catamarca,A=Peronismo para la Victoria,U=PTS - Frente de Izquierda,U=Salta Somos Todos,U=Cultura Educación y Trabajo,A=Frente Cívico por Santiago,A=Unidad Justicialista,A=Federal Unidos por una Nueva Argentina,A=Concertación FORJA,A=Frente para la Victoria - PJ,A=Unión Cívica Radical,A=Justicialista,A=Coalición Cívica,A=Protectora,U=Nuevo Espacio Santafesino,A=Córdoba Federal,U=Partido Bloquista de San Juan,U=Fte. de Izquierda y de los Trabajadores,A=Libres del Sur,A=Somos San Juan
13,A=Somos San Juan,A=Nuevo Espacio Santafesino,N=Partido por la Justicia Social,N=Coalición Cívica,A=Evolución Radical,A=PTS - Frente de Izquierda,A=Somos Mendoza,A=Trabajo y Dignidad,A=Partido Socialista,A=Peronismo para la Victoria,A=Fte. de Izquierda y de los Trabajadores,A=Primero Argentina,A=Frente Cívico por Santiago,N=Unión Cívica Radical,A=Justicialista por Tucumán,A=Partido Intransigente de Mendoza,A=Federal Unidos por una Nueva Argentina,A=Justicialista,A=Córdoba Federal,A=Libres del Sur,A=Salta Somos Todos,A=Cultura Educación y Trabajo,A=Todos Juntos por San Juan,A=Unidad Justicialista,N=Fte. Cívico y Social de Catamarca,N=PRO,A=Partido Bloquista de San Juan,A=Frente de la Concordia Misionero,A=Frente para la Victoria - PJ,A=Elijo Catamarca,A=Córdoba Trabajo y Producción,U=Concertación FORJA,N=Movimiento Popular Neuquino
14,N=PRO,A=Partido Bloquista de San Juan,A=Justicialista por Tucumán,A=Frente para la Victoria - PJ,U=Córdoba Federal,A=Libres del Sur,A=Nuevo Espacio Santafesino,U=Todos Juntos por San Juan,A=Unidad Justicialista,A=Trabajo y Dignidad,N=Coalición Cívica,U=Concertación FORJA,A=Partido Intransigente de Mendoza,N=Movimiento Popular Neuquino,A=Evolución Radical,A=Primero Argentina,A=Frente Cívico por Santiago,N=Unión Cívica Radical,A=Federal Unidos por una Nueva Argentina,A=Justicialista,N=Fte. Cívico y Social de Catamarca,N=Salta Somos Todos,A=Partido Socialista,A=Peronismo para la Victoria,A=PTS - Frente de Izquierda,A=Fte. de Izquierda y de los Trabajadores,A=Frente de la Concordia Misionero,A=Cultura Educación y Trabajo,N=Partido por la Justicia Social,A=Somos Mendoza,A=Elijo Catamarca,A=Córdoba Trabajo y Producción,A=Somos San Juan
27,N=Fte. Cívico y Social de Catamarca,A=PTS - Frente de Izquierda,A=Todos Juntos por San Juan,N=Unión Cívica Radical,A=Concertación FORJA,A=Partido Bloquista de San Juan,A=Elijo Catamarca,A=Frente de la Concordia Misionero,A=Somos Mendoza,A=Trabajo y Dignidad,A=Salta Somos Todos,N=Movimiento Popular Neuquino,A=Frente Cívico por Santiago,A=Unidad Justicialista,A=Córdoba Federal,A=Evolución Radical,A=Justicialista por Tucumán,A=Partido Intransigente de Mendoza,A=Frente para la Victoria - PJ,A=Partido Socialista,A=Somos San Juan,A=Nuevo Espacio Santafesino,A=Peronismo para la Victoria,A=Córdoba Trabajo y Producción,A=Fte. de Izquierda y de los Trabajadores,A=Primero Argentina,A=Cultura Educación y Trabajo,N=Partido por la Justicia Social,N=Coalición Cívica,A=Justicialista,A=Libres del Sur,N=PRO,A=Federal Unidos por una Nueva Argentina
37,A=Primero Argentina,N=Movimiento Popular Neuquino,A=Córdoba Trabajo y Producción,N=PRO,U=Todos Juntos por San Juan,A=Córdoba Federal,A=Somos Mendoza,A=Elijo Catamarca,U=Frente Cívico por Santiago,U=Unidad Justicialista,A=Salta Somos Todos,N=Partido por la Justicia Social,A=PTS - Frente de Izquierda,A=Fte. de Izquierda y de los Trabajadores,A=Cultura Educación y Trabajo,N=Unión Cívica Radical,A=Federal Unidos por una Nueva Argentina,N=Fte. Cívico y Social de Catamarca,A=Evolución Radical,A=Partido Bloquista de San Juan,A=Frente para la Victoria - PJ,A=Justicialista,U=Justicialista por Tucumán,A=Trabajo y Dignidad,A=Partido Intransigente de Mendoza,A=Somos San Juan,N=Coalición Cívica,A=Partido Socialista,A=Peronismo para la Victoria,U=Libres del Sur,A=Concertación FORJA,U=Frente de la Concordia Misionero,A=Nuevo Espacio Santafesino
55,U=Frente Cívico por Santiago,A=Córdoba Federal,U=Evolución Radical,U=Cultura Educación y Trabajo,A=Frente Progresista Cívico y Social,U=Somos Mendoza,U=Primero Argentina,A=Nuevo Espacio Santafesino,N=Partido por la Justicia Social,U=Fte. Cívico y Social de Catamarca,U=Libres del Sur,A=Elijo Catamarca,N=PRO,A=Unidad Justicialista,A=Federal Unidos por una Nueva Argentina,A=Justicialista,A=Peronismo para la Victoria,U=Córdoba Trabajo y Producción,B=Frente de la Concordia Misionero,U=Salta Somos Todos,A=Protectora,N=Coalición Cívica,A=Fte. de Izquierda y de los Trabajadores,U=Concertación FORJA,A=Todos Juntos por San Juan,A=Justicialista por Tucumán,A=Trabajo y Dignidad,A=Frente para la Victoria - PJ,N=Unión Cívica Radical,A=Partido Bloquista de San Juan,A=PTS - Frente de Izquierda,A=Somos San Juan,N=Movimiento Popular Neuquino
68,U=Salta Somos Todos,A=Coalición Cívica,A=Evolución Radical,A=Peronismo para la Victoria,A=Libres del Sur,A=Somos San Juan,A=Movimiento Popular Neuquino,A=Todos Juntos por San Juan,A=Frente Progresista Cívico y Social,A=Fte. de Izquierda y de los Trabajadores,U=Córdoba Trabajo y Producción,A=Somos Mendoza,A=PRO,A=Unión Cívica Radical,A=PTS - Frente de Izquierda,A=Frente de la Concordia Misionero,A=Córdoba Federal,U=Justicialista por Tucumán,U=Nuevo Espacio Santafesino,A=Frente Cívico por Santiago,A=Frente para la Victoria - PJ,A=Justicialista,A=Trabajo y Dignidad,U=Partido Bloquista de San Juan,A=Elijo Catamarca,A=Concertación FORJA,U=Cultura Educación y Trabajo,A=Protectora,U=Primero Argentina,A=Unidad Justicialista,A=Federal Unidos por una Nueva Argentina,A=Partido por la Justicia Social,U=Fte. Cívico y Social de Catamarca
