11,N=PRO,A=Unidad Justicialista,N=Partido por la Justicia Social,A=Somos San Juan,A=Primero Argentina,A=Nuevo Espacio Santafesino,A=Cultura Educación y Trabajo,A=Frente Cívico por Santiago,N=Fte. Cívico y Social de Catamarca,A=Peronismo para la Victoria,A=PTS - Frente de Izquierda,A=Fte. de Izquierda y de los Trabajadores,A=Elijo Catamarca,N=Movimiento Popular Neuquino,A=Justicialista,N=Coalición Cívica,U=Partido Socialista,A=Somos Mendoza,A=Trabajo y Dignidad,A=Córdoba Trabajo y Producción,U=Concertación FORJA,A=Frente para la Victoria - PJ,A=Córdoba Federal,A=Evolución Radical,A=Partido Bloquista de San Juan,N=Unión Cívica Radical,A=Todos Juntos por San Juan,A=Salta Somos Todos,A=Partido Intransigente de Mendoza,A=Frente de la Concordia Misionero,A=Libres del Sur,A=Federal Unidos por una Nueva Argentina,A=Justicialista por Tucumán,N=Mendoza,A=Corrientes,A=Misiones,A=Catamarca,A=Buenos Aires,A=San Juan,A=San Luis,A=Chaco,A=Tierra del Fuego,N=Neuquén,A=Rio Negro,N=Entre Ríos,A=Santa Fe,N=Santa Cruz,A=Chubut,A=Santiago del Estero,A=Formosa,N=Córdoba,A=Tucumán,A=Jujuy,N=C.A.B.A.,A=La Pampa,A=Salta,N=La Rioja
42,A=Frente Cívico por Santiago,A=Justicialista,U=Libres del Sur,A=Justicialista por Tucumán,A=Primero Argentina,A=Todos Juntos por San Juan,A=Frente para la Victoria - PJ,A=Evolución Radical,N=Partido Socialista,N=Peronismo para la Victoria,N=PTS - Frente de Izquierda,U=Movimiento Popular Neuquino,A=Unidad Justicialista,A=Fte. Cívico y Social de Catamarca,A=Frente de la Concordia Misionero,A=Nuevo Espacio Santafesino,A=Cultura Educación y Trabajo,A=Córdoba Federal,N=Fte. de Izquierda y de los Trabajadores,A=Córdoba Trabajo y Producción,A=Salta Somos Todos,A=PRO,A=Federal Unidos por una Nueva Argentina,A=Coalición Cívica,A=Partido Bloquista de San Juan,A=Somos Mendoza,A=Trabajo y Dignidad,A=Concertación FORJA,A=Unión Cívica Radical,A=Partido por la Justicia Social,A=Elijo Catamarca,A=Somos San Juan,A=Partido Intransigente de Mendoza,A=Corrientes,A=Jujuy,A=C.A.B.A.,A=La Pampa,A=Santiago del Estero,A=San Juan,A=San Luis,A=Formosa,A=Santa Cruz,A=Neuquén,A=Salta,A=Catamarca,A=Santa Fe,A=Buenos Aires,A=Córdoba,A=Chaco,A=Misiones,A=Rio Negro,A=La Rioja,A=Chubut,A=Tucumán,A=Entre Ríos,A=Mendoza,A=Tierra del Fuego
44,A=Peronismo para la Victoria,A=Elijo Catamarca,U=Movimiento Popular Neuquino,N=PRO,A=Todos Juntos por San Juan,A=Federal Unidos por una Nueva Argentina,A=Partido Intransigente de Mendoza,A=Córdoba Trabajo y Producción,N=Partido por la Justicia Social,A=Partido Bloquista de San Juan,A=Partido Socialista,A=Fte. de Izquierda y de los Trabajadores,A=Primero Argentina,A=Frente para la Victoria - PJ,U=Coalición Cívica,B=Evolución Radical,U=Frente de la Concordia Misionero,A=Libres del Sur,A=Trabajo y Dignidad,A=Somos San Juan,A=Nuevo Espacio Santafesino,A=Cultura Educación y Trabajo,A=Frente Cívico por Santiago,N=Unión Cívica Radical,A=Salta Somos Todos,A=Concertación FORJA,A=Justicialista por Tucumán,A=Unidad Justicialista,A=Justicialista,N=Fte. Cívico y Social de Catamarca,A=Córdoba Federal,A=PTS - Frente de Izquierda,A=Somos Mendoza,A=La Pampa,A=Rio Negro,A=Santiago del Estero,A=San Juan,N=Córdoba,A=Chaco,N=Mendoza,A=Jujuy,N=La Rioja,A=Chubut,A=San Luis,U=Misiones,A=Santa Fe,A=Buenos Aires,A=Formosa,A=Tierra del Fuego,A=Neuquén,A=Salta,A=Tucumán,N=Entre Ríos,A=Corrientes,A=Catamarca,N=C.A.B.A.,N=Santa Cruz
65,A=Unión Cívica Radical,A=Frente de la Concordia Misionero,U=Salta Somos Todos,A=Protectora,A=PRO,A=Todos Juntos por San Juan,A=Federal Unidos por una Nueva Argentina,A=Córdoba Federal,A=Libres del Sur,A=PTS - Frente de Izquierda,A=Somos Mendoza,A=Elijo Catamarca,U=Trabajo y Dignidad,U=Córdoba Trabajo y Producción,A=Frente para la Victoria - PJ,A=Frente Progresista Cívico y Social,U=Primero Argentina,A=Frente Cívico por Santiago,A=Unidad Justicialista,A=Partido por la Justicia Social,A=Evolución Radical,A=Justicialista por Tucumán,A=Somos San Juan,A=Coalición Cívica,A=Concertación FORJA,U=Nuevo Espacio Santafesino,A=Justicialista,A=Peronismo para la Victoria,A=Movimiento Popular Neuquino,U=Fte. Cívico y Social de Catamarca,U=Partido Bloquista de San Juan,A=Fte. de Izquierda y de los Trabajadores,U=Cultura Educación y Trabajo,A=Misiones,A=Tierra del Fuego,A=Rio Negro,A=Chaco,A=Mendoza,A=Catamarca,A=Jujuy,A=C.A.B.A.,U=Santa Cruz,U=Salta,A=Buenos Aires,A=San Luis,A=Tucumán,A=Entre Ríos,A=Neuquén,A=La Pampa,A=Santiago del Estero,A=San Juan,A=Corrientes,A=Santa Fe,A=La Rioja,A=Chubut,A=Formosa,A=Córdoba
66,A=PRO,A=Todos Juntos por San Juan,A=Coalición Cívica,B=Fte. de Izquierda y de los Trabajadores,A=Movimiento Popular Neuquino,U=Fte. Cívico y Social de Catamarca,U=Salta Somos Todos,A=Federal Unidos por una Nueva Argentina,A=Justicialista,A=Frente Progresista Cívico y Social,A=Somos Mendoza,U=Trabajo y Dignidad,U=Primero Argentina,U=Cultura Educación y Trabajo,A=Frente Cívico por Santiago,A=Frente para la Victoria - PJ,A=Evolución Radical,B=PTS - Frente de Izquierda,A=Concertación FORJA,A=Peronismo para la Victoria,A=Frente de la Concordia Misionero,A=Elijo Catamarca,A=Somos San Juan,A=Unión Cívica Radical,A=Partido por la Justicia Social,U=Partido Bloquista de San Juan,A=Libres del Sur,A=Justicialista por Tucumán,U=Córdoba Trabajo y Producción,U=Nuevo Espacio Santafesino,A=Unidad Justicialista,A=Córdoba Federal,A=Protectora,A=Catamarca,A=C.A.B.A.,U=Salta,A=Santiago del Estero,A=Córdoba,A=Entre Ríos,A=Mendoza,A=Neuquén,A=La Pampa,U=Chubut,A=Buenos Aires,A=Tucumán,A=Corrientes,A=Jujuy,A=San Luis,A=Formosa,A=Chaco,A=Santa Fe,A=Rio Negro,A=La Rioja,A=San Juan,A=Misiones,U=Santa Cruz,A=Tierra del Fuego
50,U=Libres del Sur,U=Córdoba Trabajo y Producción,N=Salta Somos Todos,A=Nuevo Espacio Santafesino,N=Unidad Justicialista,A=Federal Unidos por una Nueva Argentina,U=Fte. Cívico y Social de Catamarca,N=Partido Bloquista de San Juan,U=Cultura Educación y Trabajo,A=Frente para la Victoria - PJ,N=Partido por la Justicia Social,U=Evolución Radical,U=Movimiento Popular Neuquino,N=Coalición Cívica,U=Somos Mendoza,N=Todos Juntos por San Juan,N=Unión Cívica Radical,A=Justicialista por Tucumán,U=Primero Argentina,A=Protectora,B=Justicialista,N=Córdoba Federal,A=Frente Progresista Cívico y Social,A=Peronismo para la Victoria,N=Frente Cívico por Santiago,A=Trabajo y Dignidad,A=Concertación FORJA,A=Elijo Catamarca,N=Somos San Juan,N=PRO,A=PTS - Frente de Izquierda,A=Fte. de Izquierda y de los Trabajadores,N=Frente de la Concordia Misionero,N=Chaco,N=Entre Ríos,N=Neuquén,B=La Pampa,A=Santa Fe,A=Santa Cruz,N=Santiago del Estero,N=Córdoba,N=Mendoza,N=Misiones,A=Catamarca,A=Jujuy,A=Rio Negro,N=La Rioja,U=Salta,A=Chubut,A=Buenos Aires,N=San Juan,N=San Luis,A=Formosa,N=Corrientes,A=Tierra del Fuego,N=Tucumán,N=C.A.B.A.
56,A=Unidad Justicialista,U=Fte. Cívico y Social de Catamarca,U=Evolución Radical,A=Partido Bloquista de San Juan,U=Libres del Sur,U=Nuevo Espacio Santafesino,A=Frente para la Victoria - PJ,N=Partido por la Justicia Social,A=Justicialista,A=Frente de la Concordia Misionero,U=Primero Argentina,A=Trabajo y Dignidad,U=Concertación FORJA,N=Movimiento Popular Neuquino,N=Frente Cívico por Santiago,A=Federal Unidos por una Nueva Argentina,A=Peronismo para la Victoria,U=Somos Mendoza,A=Justicialista por Tucumán,A=Elijo Catamarca,A=Córdoba Federal,N=Coalición Cívica,N=Frente Progresista Cívico y Social,U=Salta Somos Todos,A=Somos San Juan,U=Cultura Educación y Trabajo,N=PRO,A=Todos Juntos por San Juan,A=PTS - Frente de Izquierda,U=Córdoba Trabajo y Producción,A=Protectora,N=Unión Cívica Radical,A=Fte. de Izquierda y de los Trabajadores,N=C.A.B.A.,U=Salta,A=Formosa,N=Córdoba,N=Entre Ríos,N=Corrientes,A=Misiones,A=Jujuy,U=Rio Negro,A=Chubut,N=Santiago del Estero,A=Tucumán,A=Catamarca,A=Santa Cruz,A=Buenos Aires,A=San Juan,N=Santa Fe,N=La Rioja,A=San Luis,N=Chaco,N=Mendoza,A=Tierra del Fuego,N=Neuquén,A=La Pampa
59,A=Somos San Juan,A=Todos Juntos por San Juan,A=Frente para la Victoria - PJ,A=Unidad Justicialista,A=Federal Unidos por una Nueva Argentina,A=Justicialista,A=Frente Progresista Cívico y Social,A=Concertación FORJA,A=Protectora,U=Salta Somos Todos,U=Nuevo Espacio Santafesino,U=Cultura Educación y Trabajo,A=Elijo Catamarca,A=Movimiento Popular Neuquino,U=Fte. Cívico y Social de Catamarca,N=Fte. de Izquierda y de los Trabajadores,A=Frente Cívico por Santiago,A=Evolución Radical,A=Coalición Cívica,A=Partido por la Justicia Social,A=Córdoba Federal,N=PTS - Frente de Izquierda,A=Frente de la Concordia Misionero,N=Libres del Sur,A=Somos Mendoza,A=Trabajo y Dignidad,A=PRO,A=Unión Cívica Radical,U=Partido Bloquista de San Juan,N=Peronismo para la Victoria,A=Justicialista por Tucumán,U=Córdoba Trabajo y Producción,U=Primero Argentina,A=Santiago del Estero,A=Entre Ríos,A=La Rioja,A=Buenos Aires,A=Chaco,A=Mendoza,A=Corrientes,U=Santa Cruz,A=Tierra del Fuego,A=La Pampa,A=San Juan,A=Córdoba,A=Catamarca,A=Jujuy,A=C.A.B.A.,A=Santa Fe,A=Neuquén,A=Rio Negro,A=San Luis,A=Formosa,A=Tucumán,A=Misiones,U=Salta,A=Chubut
7,B=Federal Unidos por una Nueva Argentina,A=Salta Somos Todos,B=Cultura Educación y Trabajo,N=Somos Mendoza,N=Concertación FORJA,A=Partido Intransigente de Mendoza,N=Nuevo Espacio Santafesino,A=Unión Cívica Radical,N=Peronismo para la Victoria,A=Frente de la Concordia Misionero,A=Fte. Cívico y Social de Catamarca,N=PTS - Frente de Izquierda,B=Trabajo y Dignidad,A=Todos Juntos por San Juan,N=Unidad Justicialista,A=Justicialista,A=Evolución Radical,B=Córdoba Trabajo y Producción,U=Somos San Juan,A=Frente Cívico por Santiago,N=Frente para la Victoria - PJ,A=Córdoba Federal,A=Elijo Catamarca,A=Partido por la Justicia Social,N=Fte. de Izquierda y de los Trabajadores,U=Libres del Sur,A=PRO,U=Primero Argentina,A=Movimiento Popular Neuquino,A=Coalición Cívica,A=Partido Bloquista de San Juan,N=Partido Socialista,U=Justicialista por Tucumán,A=Mendoza,A=Santa Fe,A=Santa Cruz,A=Rio Negro,A=La Rioja,A=Buenos Aires,A=Córdoba,A=Chaco,A=La Pampa,N=Formosa,A=Corrientes,A=Neuquén,A=C.A.B.A.,N=Tierra del Fuego,A=Santiago del Estero,A=Misiones,A=Jujuy,A=Entre Ríos,A=Catamarca,A=Salta,N=Chubut,A=San Juan,N=San Luis,A=Tucumán
9,N=PTS - Frente de Izquierda,N=Fte. de Izquierda y de los Trabajadores,A=Somos Mendoza,A=Fte. Cívico y Social de Catamarca,N=Federal Unidos por una Nueva Argentina,A=Justicialista,U=Córdoba Trabajo y Producción,U=Concertación FORJA,A=Partido Intransigente de Mendoza,U=Todos Juntos por San Juan,U=Primero Argentina,N=Partido Socialista,U=Justicialista por Tucumán,A=Córdoba Federal,U=Frente de la Concordia Misionero,A=Salta Somos Todos,U=Somos San Juan,A=Partido por la Justicia Social,A=Unidad Justicialista,A=Evolución Radical,A=Partido Bloquista de San Juan,A=Elijo Catamarca,A=PRO,A=Movimiento Popular Neuquino,N=Cultura Educación y Trabajo,A=Frente Cívico por Santiago,A=Unión Cívica Radical,A=Coalición Cívica,N=Peronismo para la Victoria,U=Libres del Sur,N=Trabajo y Dignidad,N=Nuevo Espacio Santafesino,N=Frente para la Victoria - PJ,U=San Juan,A=Córdoba,A=Mendoza,U=Misiones,A=Catamarca,A=La Rioja,N=Chubut,A=Tucumán,A=Chaco,A=Corrientes,A=C.A.B.A.,A=La Pampa,A=Neuquén,N=Buenos Aires,A=San Luis,N=Formosa,A=Entre Ríos,A=Jujuy,A=Santa Cruz,N=Tierra del Fuego,A=Santiago del Estero,A=Santa Fe,A=Salta,A=Rio Negro
14,A=Justicialista,N=Fte. Cívico y Social de Catamarca,A=Fte. de Izquierda y de los Trabajadores,A=Trabajo y Dignidad,A=Primero Argentina,A=Frente para la Victoria - PJ,A=Evolución Radical,A=Justicialista por Tucumán,A=Nuevo Espacio Santafesino,N=Partido por la Justicia Social,A=Partido Socialista,A=Somos Mendoza,A=Cultura Educación y Trabajo,A=Partido Intransigente de Mendoza,N=Coalición Cívica,A=Frente de la Concordia Misionero,A=Elijo Catamarca,N=Movimiento Popular Neuquino,N=PRO,N=Unión Cívica Radical,A=Partido Bloquista de San Juan,A=Peronismo para la Victoria,A=Córdoba Trabajo y Producción,N=Salta Somos Todos,U=Concertación FORJA,A=Somos San Juan,A=Frente Cívico por Santiago,U=Córdoba Federal,U=Todos Juntos por San Juan,A=Unidad Justicialista,A=Federal Unidos por una Nueva Argentina,A=PTS - Frente de Izquierda,A=Libres del Sur,N=La Rioja,A=Chubut,A=Buenos Aires,A=San Luis,A=Tucumán,N=Entre Ríos,N=C.A.B.A.,A=Tierra del Fuego,A=Santiago del Estero,A=Formosa,N=Córdoba,A=Catamarca,A=San Juan,A=Corrientes,N=Santa Cruz,A=Santa Fe,N=Neuquén,A=Salta,A=La Pampa,U=Chaco,N=Mendoza,A=Misiones,N=Jujuy,A=Rio Negro
29,A=Libres del Sur,A=Salta Somos Todos,A=Concertación FORJA,A=Cultura Educación y Trabajo,N=Coalición Cívica,A=Evolución Radical,A=Frente de la Concordia Misionero,A=Partido Intransigente de Mendoza,A=Partido Bloquista de San Juan,U=Fte. de Izquierda y de los Trabajadores,A=Somos Mendoza,A=Primero Argentina,N=Fte. Cívico y Social de Catamarca,A=Elijo Catamarca,A=Trabajo y Dignidad,A=Córdoba Trabajo y Producción,U=Nuevo Espacio Santafesino,A=Federal Unidos por una Nueva Argentina,N=Partido por la Justicia Social,A=Partido Socialista,A=Somos San Juan,A=Frente Cívico por Santiago,A=Todos Juntos por San Juan,A=Peronismo para la Victoria,N=Movimiento Popular Neuquino,A=Córdoba Federal,A=PTS - Frente de Izquierda,A=Justicialista por Tucumán,A=Unidad Justicialista,N=Unión Cívica Radical,A=Justicialista,N=PRO,A=Frente para la Victoria - PJ,A=Chubut,A=Formosa,A=Tucumán,N=Mendoza,N=C.A.B.A.,N=Santa Cruz,A=Tierra del Fuego,N=Neuquén,A=Salta,U=Corrientes,A=Misiones,A=Catamarca,N=Jujuy,A=Santa Fe,N=Rio Negro,A=Santiago del Estero,A=Buenos Aires,A=San Juan,N=La Rioja,A=San Luis,N=Córdoba,U=Chaco,A=Entre Ríos,A=La Pampa
40,N=Coalición Cívica,U=Concertación FORJA,N=Partido por la Justicia Social,B=Justicialista,B=Cultura Educación y Trabajo,B=Federal Unidos por una Nueva Argentina,A=Peronismo para la Victoria,B=Córdoba Trabajo y Producción,B=Somos San Juan,B=Evolución Radical,B=Trabajo y Dignidad,U=Libres del Sur,A=Primero Argentina,A=Nuevo Espacio Santafesino,N=PRO,B=Todos Juntos por San Juan,N=Elijo Catamarca,B=Justicialista por Tucumán,U=Movimiento Popular Neuquino,N=Fte. Cívico y Social de Catamarca,A=Fte. de Izquierda y de los Trabajadores,N=Unión Cívica Radical,U=Córdoba Federal,B=Partido Bloquista de San Juan,A=PTS - Frente de Izquierda,N=Frente de la Concordia Misionero,A=Somos Mendoza,N=Frente Cívico por Santiago,A=Unidad Justicialista,N=Salta Somos Todos,B=Partido Intransigente de Mendoza,A=Frente para la Victoria - PJ,A=Partido Socialista,N=Santiago del Estero,N=Buenos Aires,N=Córdoba,N=Mendoza,N=C.A.B.A.,N=Santa Fe,A=Tierra del Fuego,A=Rio Negro,A=Chubut,A=San Luis,N=Entre Ríos,N=Misiones,B=La Pampa,B=San Juan,B=Tucumán,N=Santa Cruz,N=Salta,A=Formosa,U=Chaco,N=Corrientes,N=Catamarca,N=Jujuy,A=Neuquén,N=La Rioja
63,A=Frente Cívico por Santiago,A=PRO,A=Coalición Cívica,A=Córdoba Federal,U=Partido Bloquista de San Juan,A=Frente Progresista Cívico y Social,A=Frente para la Victoria - PJ,A=Unión Cívica Radical,A=Evolución Radical,U=Salta Somos Todos,A=Concertación FORJA,A=Partido por la Justicia Social,A=Peronismo para la Victoria,U=Córdoba Trabajo y Producción,A=Somos San Juan,A=Protectora,U=Primero Argentina,A=Unidad Justicialista,U=Fte. Cívico y Social de Catamarca,A=Elijo Catamarca,A=Todos Juntos por San Juan,A=Federal Unidos por una Nueva Argentina,A=Trabajo y Dignidad,A=Libres del Sur,A=Justicialista por Tucumán,U=Nuevo Espacio Santafesino,U=Cultura Educación y Trabajo,A=Justicialista,A=PTS - Frente de Izquierda,A=Fte. de Izquierda y de los Trabajadores,A=Frente de la Concordia Misionero,A=Somos Mendoza,A=Movimiento Popular Neuquino,A=Chaco,A=Misiones,A=Jujuy,A=C.A.B.A.,A=Santa Fe,A=La Pampa,A=San Juan,A=San Luis,A=Catamarca,U=Salta,A=Santiago del Estero,A=Corrientes,U=Santa Cruz,A=Tierra del Fuego,A=Neuquén,A=Rio Negro,A=Chubut,A=Buenos Aires,A=Formosa,A=Córdoba,A=Tucumán,A=Entre Ríos,A=Mendoza,A=La Rioja
67,U=Salta Somos Todos,A=Concertación FORJA,U=Primero Argentina,U=Fte. Cívico y Social de Catamarca,A=Frente Progresista Cívico y Social,A=Somos Mendoza,A=Frente de la Concordia Misionero,A=Elijo Catamarca,U=Justicialista por Tucumán,A=Frente Cívico por Santiago,A=PRO,A=Federal Unidos por una Nueva Argentina,A=Movimiento Popular Neuquino,A=Unión Cívica Radical,U=Partido Bloquista de San Juan,A=Protectora,U=Cultura Educación y Trabajo,A=Todos Juntos por San Juan,A=Peronismo para la Victoria,U=Nuevo Espacio Santafesino,A=Córdoba Federal,U=Fte. de Izquierda y de los Trabajadores,U=Córdoba Trabajo y Producción,A=Frente para la Victoria - PJ,A=Evolución Radical,A=Somos San Juan,A=Libres del Sur,U=Trabajo y Dignidad,A=Unidad Justicialista,A=Coalición Cívica,U=PTS - Frente de Izquierda,A=Partido por la Justicia Social,A=Justicialista,A=Chaco,A=Misiones,A=Jujuy,A=Chubut,A=Catamarca,A=C.A.B.A.,A=Tierra del Fuego,U=Salta,A=La Rioja,A=Rio Negro,A=Buenos Aires,A=San Luis,A=Tucumán,A=Entre Ríos,A=Santa Fe,A=Neuquén,A=La Pampa,U=Santiago del Estero,A=San Juan,A=Formosa,A=Córdoba,A=Mendoza,A=Corrientes,U=Santa Cruz
71,A=Frente Cívico por Santiago,U=Fte. Cívico y Social de Catamarca,N=PTS - Frente de Izquierda,U=Córdoba Trabajo y Producción,A=Somos San Juan,U=Cultura Educación y Trabajo,A=Libres del Sur,A=Trabajo y Dignidad,U=Nuevo Espacio Santafesino,A=PRO,U=Federal Unidos por una Nueva Argentina,A=Coalición Cívica,U=Somos Mendoza,U=Primero Argentina,N=Córdoba Federal,U=Partido Bloquista de San Juan,A=Peronismo para la Victoria,N=Fte. de Izquierda y de los Trabajadores,U=Frente de la Concordia Misionero,A=Todos Juntos por San Juan,N=Frente para la Victoria - PJ,U=Justicialista,A=Evolución Radical,N=Frente Progresista Cívico y Social,U=Justicialista por Tucumán,B=Concertación FORJA,A=Partido por la Justicia Social,N=Elijo Catamarca,U=Salta Somos Todos,A=Unidad Justicialista,A=Protectora,A=Unión Cívica Radical,A=Movimiento Popular Neuquino,U=San Juan,A=Tucumán,A=Misiones,A=C.A.B.A.,A=Santa Cruz,A=Rio Negro,A=La Rioja,A=Santiago del Estero,A=Córdoba,A=Entre Ríos,U=Corrientes,N=Catamarca,A=Jujuy,A=Santa Fe,A=Buenos Aires,A=San Luis,A=Formosa,N=Tierra del Fuego,U=Salta,A=Chubut,U=Chaco,A=Mendoza,A=Neuquén,A=La Pampa
4,U=Somos Mendoza,B=Córdoba Trabajo y Producción,A=Salta Somos Todos,A=Coalición Cívica,A=Evolución Radical,A=Córdoba Federal,U=Libres del Sur,A=Unidad Justicialista,A=Justicialista,B=PTS - Frente de Izquierda,A=Elijo Catamarca,A=Frente Cívico por Santiago,A=Partido por la Justicia Social,A=Justicialista por Tucumán,U=Primero Argentina,A=Movimiento Popular Neuquino,A=Todos Juntos por San Juan,A=Partido Bloquista de San Juan,A=Frente de la Concordia Misionero,A=Frente para la Victoria - PJ,A=Peronismo para la Victoria,A=Concertación FORJA,A=PRO,A=Fte. Cívico y Social de Catamarca,A=Partido Intransigente de Mendoza,U=Nuevo Espacio Santafesino,A=Cultura Educación y Trabajo,A=Unión Cívica Radical,B=Fte. de Izquierda y de los Trabajadores,A=Trabajo y Dignidad,U=Somos San Juan,A=Federal Unidos por una Nueva Argentina,U=Partido Socialista,A=C.A.B.A.,A=Santa Cruz,A=Neuquén,A=Rio Negro,A=Mendoza,A=Catamarca,A=Corrientes,A=Jujuy,A=Tierra del Fuego,A=Salta,A=La Rioja,A=San Luis,A=Formosa,A=Córdoba,A=Tucumán,A=Chubut,A=Santiago del Estero,A=Buenos Aires,A=Entre Ríos,A=Misiones,A=Santa Fe,A=La Pampa,A=San Juan,A=Chaco
45,A=Federal Unidos por una Nueva Argentina,A=Elijo Catamarca,A=Partido Intransigente de Mendoza,U=Movimiento Popular Neuquino,A=Frente Cívico por Santiago,A=Frente para la Victoria - PJ,N=Fte. Cívico y Social de Catamarca,A=Córdoba Federal,N=PRO,A=Partido Socialista,A=Libres del Sur,A=Justicialista por Tucumán,A=Córdoba Trabajo y Producción,A=Nuevo Espacio Santafesino,A=Todos Juntos por San Juan,A=Unidad Justicialista,U=Frente de la Concordia Misionero,A=Somos Mendoza,N=Unión Cívica Radical,A=Trabajo y Dignidad,A=Cultura Educación y Trabajo,A=Peronismo para la Victoria,A=Somos San Juan,A=Primero Argentina,B=Evolución Radical,A=PTS - Frente de Izquierda,A=Fte. de Izquierda y de los Trabajadores,A=Salta Somos Todos,N=Partido por la Justicia Social,A=Justicialista,U=Coalición Cívica,A=Partido Bloquista de San Juan,A=Concertación FORJA,N=Entre Ríos,N=C.A.B.A.,N=Santa Cruz,A=La Rioja,A=San Juan,N=Córdoba,U=Misiones,A=Santiago del Estero,A=San Luis,A=Catamarca,A=Tierra del Fuego,A=Neuquén,A=Buenos Aires,A=Tucumán,A=Chaco,N=Mendoza,A=Corrientes,A=Jujuy,A=Santa Fe,A=Salta,A=Formosa,A=Rio Negro,A=Chubut,A=La Pampa
48,N=Todos Juntos por San Juan,U=Salta Somos Todos,U=Movimiento Popular Neuquino,B=Federal Unidos por una Nueva Argentina,N=Coalición Cívica,A=PTS - Frente de Izquierda,A=Frente de la Concordia Misionero,U=Evolución Radical,A=Frente Progresista Cívico y Social,U=Libres del Sur,U=Somos Mendoza,N=Partido por la Justicia Social,U=Fte. Cívico y Social de Catamarca,N=Somos San Juan,A=Protectora,N=Frente Cívico por Santiago,A=Unidad Justicialista,A=Elijo Catamarca,U=Cultura Educación y Trabajo,U=Primero Argentina,A=Nuevo Espacio Santafesino,N=PRO,A=Justicialista,B=Trabajo y Dignidad,A=Concertación FORJA,N=Partido Bloquista de San Juan,A=Fte. de Izquierda y de los Trabajadores,N=Justicialista por Tucumán,U=Córdoba Trabajo y Producción,A=Frente para la Victoria - PJ,N=Unión Cívica Radical,N=Córdoba Federal,A=Peronismo para la Victoria,N=Santiago del Estero,A=San Luis,N=Córdoba,A=Misiones,A=La Pampa,N=La Rioja,A=Chubut,N=Buenos Aires,A=Formosa,N=Entre Ríos,A=Catamarca,N=Jujuy,A=Tierra del Fuego,N=San Juan,N=Tucumán,N=Mendoza,A=Corrientes,A=Santa Cruz,A=Rio Negro,A=Chaco,N=C.A.B.A.,N=Santa Fe,N=Neuquén,U=Salta
64,A=Justicialista,A=Evolución Radical,A=Protectora,U=Cultura Educación y Trabajo,U=Fte. Cívico y Social de Catamarca,A=Justicialista por Tucumán,U=Trabajo y Dignidad,U=Salta Somos Todos,A=Movimiento Popular Neuquino,A=Frente Cívico por Santiago,A=Todos Juntos por San Juan,A=Frente para la Victoria - PJ,A=Unidad Justicialista,A=Somos San Juan,U=Nuevo Espacio Santafesino,A=Córdoba Federal,U=Partido Bloquista de San Juan,A=Frente Progresista Cívico y Social,A=Peronismo para la Victoria,U=Fte. de Izquierda y de los Trabajadores,A=PRO,A=Unión Cívica Radical,A=Frente de la Concordia Misionero,U=Primero Argentina,A=Federal Unidos por una Nueva Argentina,A=PTS - Frente de Izquierda,A=Somos Mendoza,U=Córdoba Trabajo y Producción,A=Concertación FORJA,A=Partido por la Justicia Social,A=Coalición Cívica,A=Libres del Sur,A=Elijo Catamarca,A=Tucumán,A=Chaco,A=Mendoza,A=Catamarca,U=Salta,A=Buenos Aires,A=San Luis,A=Córdoba,A=Entre Ríos,A=Corrientes,A=Jujuy,A=C.A.B.A.,A=Santa Fe,A=Rio Negro,A=La Rioja,A=Santiago del Estero,A=San Juan,A=Formosa,A=La Pampa,A=Misiones,U=Santa Cruz,A=Tierra del Fuego,A=Neuquén,A=Chubut
10,A=Frente para la Victoria - PJ,N=Partido por la Justicia Social,N=Fte. Cívico y Social de Catamarca,N=Coalición Cívica,N=Evolución Radical,A=PTS - Frente de Izquierda,A=Salta Somos Todos,A=Partido Intransigente de Mendoza,A=Todos Juntos por San Juan,A=Córdoba Federal,A=Partido Bloquista de San Juan,A=Elijo Catamarca,A=Nuevo Espacio Santafesino,A=Córdoba Trabajo y Producción,U=Concertación FORJA,A=Frente Cívico por Santiago,N=PRO,A=Federal Unidos por una Nueva Argentina,A=Partido Socialista,A=Peronismo para la Victoria,A=Fte. de Izquierda y de los Trabajadores,A=Frente de la Concordia Misionero,A=Libres del Sur,A=Trabajo y Dignidad,A=Unidad Justicialista,N=Unión Cívica Radical,A=Somos San Juan,A=Primero Argentina,N=Movimiento Popular Neuquino,A=Justicialista,A=Somos Mendoza,A=Justicialista por Tucumán,A=Cultura Educación y Trabajo,A=San Juan,N=Córdoba,A=Jujuy,N=Santa Cruz,N=Neuquén,N=La Rioja,N=C.A.B.A.,A=Santa Fe,A=Tierra del Fuego,A=Rio Negro,A=Chubut,A=Santiago del Estero,A=San Luis,N=Entre Ríos,A=Misiones,A=Salta,A=Buenos Aires,A=Formosa,A=Tucumán,A=Chaco,N=Mendoza,A=Corrientes,A=Catamarca,A=La Pampa
15,U=Todos Juntos por San Juan,N=Unión Cívica Radical,N=Fte. Cívico y Social de Catamarca,N=Movimiento Popular Neuquino,N=PRO,A=Federal Unidos por una Nueva Argentina,U=Córdoba Federal,A=Trabajo y Dignidad,A=Nuevo Espacio Santafesino,A=Evolución Radical,A=Elijo Catamarca,A=Primero Argentina,A=Frente para la Victoria - PJ,A=Partido Socialista,A=Frente de la Concordia Misionero,A=Frente Cívico por Santiago,A=Justicialista,N=Coalición Cívica,A=Partido Bloquista de San Juan,A=Libres del Sur,A=Córdoba Trabajo y Producción,A=Peronismo para la Victoria,N=Salta Somos Todos,A=Partido Intransigente de Mendoza,A=Cultura Educación y Trabajo,A=Unidad Justicialista,A=PTS - Frente de Izquierda,A=Justicialista por Tucumán,A=Concertación FORJA,N=Partido por la Justicia Social,A=Fte. de Izquierda y de los Trabajadores,A=Somos Mendoza,A=Somos San Juan,N=C.A.B.A.,N=Santa Fe,N=Neuquén,A=Chubut,A=San Juan,N=Mendoza,A=Catamarca,A=Misiones,N=Santa Cruz,N=La Rioja,A=Formosa,A=Tucumán,A=Corrientes,A=La Pampa,A=Rio Negro,A=Buenos Aires,N=Córdoba,N=Entre Ríos,N=Jujuy,A=Tierra del Fuego,A=Salta,A=Santiago del Estero,A=San Luis,A=Chaco
27,A=Primero Argentina,A=Federal Unidos por una Nueva Argentina,A=Justicialista,A=Partido Bloquista de San Juan,A=Todos Juntos por San Juan,A=Justicialista por Tucumán,A=Salta Somos Todos,A=Concertación FORJA,A=Nuevo Espacio Santafesino,A=Unidad Justicialista,N=Partido por la Justicia Social,A=Córdoba Federal,A=PTS - Frente de Izquierda,A=Libres del Sur,A=Somos Mendoza,N=Movimiento Popular Neuquino,N=Unión Cívica Radical,A=Evolución Radical,A=Partido Socialista,N=Coalición Cívica,A=Elijo Catamarca,A=Frente Cívico por Santiago,N=PRO,N=Fte. Cívico y Social de Catamarca,A=Córdoba Trabajo y Producción,A=Partido Intransigente de Mendoza,A=Trabajo y Dignidad,A=Somos San Juan,A=Frente para la Victoria - PJ,A=Peronismo para la Victoria,A=Fte. de Izquierda y de los Trabajadores,A=Frente de la Concordia Misionero,A=Cultura Educación y Trabajo,A=San Luis,A=Chaco,N=Corrientes,A=Santa Fe,A=Rio Negro,A=La Pampa,A=Buenos Aires,A=Formosa,A=Tucumán,A=Catamarca,N=C.A.B.A.,N=Neuquén,A=Salta,A=Santiago del Estero,N=Córdoba,N=Entre Ríos,N=Mendoza,A=Misiones,N=Santa Cruz,A=San Juan,N=Jujuy,A=Tierra del Fuego,N=La Rioja,A=Chubut
30,A=Fte. de Izquierda y de los Trabajadores,A=Frente de la Concordia Misionero,A=Evolución Radical,U=Libres del Sur,A=Trabajo y Dignidad,A=Cultura Educación y Trabajo,A=Córdoba Federal,A=Partido Socialista,A=PTS - Frente de Izquierda,A=Elijo Catamarca,A=Concertación FORJA,A=Somos San Juan,A=Nuevo Espacio Santafesino,N=Coalición Cívica,A=Todos Juntos por San Juan,A=Frente para la Victoria - PJ,N=Unión Cívica Radical,N=Fte. Cívico y Social de Catamarca,A=Peronismo para la Victoria,A=Justicialista por Tucumán,N=Movimiento Popular Neuquino,N=PRO,A=Justicialista,A=Primero Argentina,A=Unidad Justicialista,A=Partido Intransigente de Mendoza,A=Federal Unidos por una Nueva Argentina,A=Somos Mendoza,A=Córdoba Trabajo y Producción,U=Salta Somos Todos,U=Frente Cívico por Santiago,A=Partido Bloquista de San Juan,N=Partido por la Justicia Social,N=Córdoba,A=Misiones,A=Catamarca,N=Jujuy,N=Santa Cruz,A=Salta,A=La Pampa,A=San Juan,A=Tucumán,N=C.A.B.A.,N=Santa Fe,U=Santiago del Estero,N=Formosa,A=Chaco,N=Mendoza,U=Corrientes,N=Neuquén,N=La Rioja,A=Chubut,A=Buenos Aires,A=San Luis,N=Entre Ríos,A=Tierra del Fuego,N=Rio Negro
61,A=Protectora,U=Primero Argentina,U=Cultura Educación y Trabajo,B=Peronismo para la Victoria,A=Justicialista por Tucumán,A=Evolución Radical,B=PTS - Frente de Izquierda,B=Fte. de Izquierda y de los Trabajadores,A=Elijo Catamarca,B=Concertación FORJA,A=Unidad Justicialista,A=Federal Unidos por una Nueva Argentina,U=Fte. Cívico y Social de Catamarca,A=Coalición Cívica,B=Somos Mendoza,U=Nuevo Espacio Santafesino,B=Frente para la Victoria - PJ,A=Frente de la Concordia Misionero,U=Partido Bloquista de San Juan,A=Frente Progresista Cívico y Social,A=PRO,A=Todos Juntos por San Juan,U=Córdoba Trabajo y Producción,A=Somos San Juan,A=Partido por la Justicia Social,A=Córdoba Federal,A=Justicialista,U=Salta Somos Todos,A=Movimiento Popular Neuquino,A=Frente Cívico por Santiago,A=Unión Cívica Radical,B=Libres del Sur,A=Trabajo y Dignidad,A=Buenos Aires,A=Tucumán,A=Catamarca,A=Rio Negro,A=La Rioja,A=Mendoza,A=C.A.B.A.,B=Tierra del Fuego,A=Santiago del Estero,A=San Luis,B=Formosa,A=Córdoba,A=Chaco,A=Chubut,A=San Juan,A=Corrientes,A=Misiones,U=Santa Cruz,A=La Pampa,A=Entre Ríos,A=Jujuy,A=Santa Fe,A=Neuquén,U=Salta
33,U=Frente Cívico por Santiago,A=Todos Juntos por San Juan,A=Fte. de Izquierda y de los Trabajadores,A=Justicialista por Tucumán,A=Elijo Catamarca,A=Trabajo y Dignidad,A=Partido Intransigente de Mendoza,A=Nuevo Espacio Santafesino,A=Evolución Radical,A=Partido Socialista,A=PTS - Frente de Izquierda,A=Somos San Juan,N=Salta Somos Todos,A=Federal Unidos por una Nueva Argentina,A=Partido Bloquista de San Juan,U=Libres del Sur,A=Córdoba Trabajo y Producción,A=Primero Argentina,A=Cultura Educación y Trabajo,N=PRO,N=Unión Cívica Radical,N=Partido por la Justicia Social,A=Frente de la Concordia Misionero,A=Concertación FORJA,A=Frente para la Victoria - PJ,A=Unidad Justicialista,A=Peronismo para la Victoria,A=Somos Mendoza,N=Movimiento Popular Neuquino,A=Justicialista,N=Fte. Cívico y Social de Catamarca,A=Córdoba Federal,N=Coalición Cívica,N=Rio Negro,A=Buenos Aires,N=Formosa,N=Mendoza,A=Santa Fe,A=Tierra del Fuego,U=Santiago del Estero,N=Jujuy,N=Santa Cruz,A=Salta,A=Chubut,A=Tucumán,N=Entre Ríos,A=Misiones,N=Neuquén,A=La Pampa,A=Catamarca,N=C.A.B.A.,N=La Rioja,A=San Juan,U=San Luis,N=Córdoba,A=Chaco,N=Corrientes
37,A=Córdoba Federal,N=Coalición Cívica,A=Salta Somos Todos,A=Concertación FORJA,A=Nuevo Espacio Santafesino,A=Evolución Radical,U=Frente de la Concordia Misionero,N=Movimiento Popular Neuquino,U=Todos Juntos por San Juan,A=Partido Socialista,A=Somos San Juan,A=Partido Intransigente de Mendoza,N=Unión Cívica Radical,A=PTS - Frente de Izquierda,A=Federal Unidos por una Nueva Argentina,A=Córdoba Trabajo y Producción,A=Partido Bloquista de San Juan,U=Justicialista por Tucumán,A=Cultura Educación y Trabajo,U=Frente Cívico por Santiago,N=Fte. Cívico y Social de Catamarca,N=Partido por la Justicia Social,A=Fte. de Izquierda y de los Trabajadores,U=Libres del Sur,A=Elijo Catamarca,A=Trabajo y Dignidad,A=Primero Argentina,A=Frente para la Victoria - PJ,U=Unidad Justicialista,A=Peronismo para la Victoria,A=Somos Mendoza,N=PRO,A=Justicialista,A=Tucumán,A=Chaco,N=Mendoza,U=Misiones,N=C.A.B.A.,N=Santa Cruz,N=Neuquén,U=San Luis,A=Formosa,U=La Pampa,U=Rio Negro,N=La Rioja,A=Chubut,U=Santiago del Estero,A=San Juan,N=Córdoba,A=Corrientes,A=Catamarca,A=Santa Fe,A=Tierra del Fuego,A=Buenos Aires,N=Entre Ríos,N=Jujuy,U=Salta
39,A=Todos Juntos por San Juan,A=Frente para la Victoria - PJ,N=Unión Cívica Radical,N=Coalición Cívica,A=Frente de la Concordia Misionero,A=Justicialista por Tucumán,A=Somos San Juan,A=Frente Cívico por Santiago,N=Unidad Justicialista,A=Elijo Catamarca,A=Salta Somos Todos,A=Concertación FORJA,A=Partido Intransigente de Mendoza,N=PRO,A=Partido Socialista,A=Fte. de Izquierda y de los Trabajadores,U=Libres del Sur,U=Somos Mendoza,A=Córdoba Federal,A=Justicialista,A=Partido Bloquista de San Juan,B=Nuevo Espacio Santafesino,N=Partido por la Justicia Social,A=Córdoba Trabajo y Producción,B=Primero Argentina,A=Peronismo para la Victoria,A=PTS - Frente de Izquierda,A=Trabajo y Dignidad,N=Movimiento Popular Neuquino,A=Evolución Radical,N=Fte. Cívico y Social de Catamarca,A=Cultura Educación y Trabajo,A=Federal Unidos por una Nueva Argentina,A=Santiago del Estero,A=Buenos Aires,N=San Luis,N=Córdoba,A=Tucumán,N=Mendoza,N=Santa Fe,U=Rio Negro,A=San Juan,A=Formosa,A=Chaco,N=Entre Ríos,A=Catamarca,U=Neuquén,A=La Pampa,N=Corrientes,N=Jujuy,N=Santa Cruz,A=Tierra del Fuego,N=La Rioja,A=Misiones,N=C.A.B.A.,A=Salta,A=Chubut
68,A=Elijo Catamarca,A=Trabajo y Dignidad,U=Nuevo Espacio Santafesino,U=Cultura Educación y Trabajo,A=Fte. de Izquierda y de los Trabajadores,A=Somos San Juan,A=Coalición Cívica,A=PTS - Frente de Izquierda,A=Protectora,U=Primero Argentina,A=Frente Cívico por Santiago,A=Justicialista,A=Córdoba Federal,A=Somos Mendoza,A=Partido por la Justicia Social,A=Evolución Radical,A=Peronismo para la Victoria,A=Libres del Sur,U=Salta Somos Todos,A=Concertación FORJA,A=Movimiento Popular Neuquino,A=Federal Unidos por una Nueva Argentina,A=Frente Progresista Cívico y Social,A=Unidad Justicialista,A=Todos Juntos por San Juan,A=Frente para la Victoria - PJ,U=Fte. Cívico y Social de Catamarca,U=Partido Bloquista de San Juan,U=Justicialista por Tucumán,A=PRO,A=Frente de la Concordia Misionero,U=Córdoba Trabajo y Producción,A=Unión Cívica Radical,A=Santiago del Estero,A=Entre Ríos,A=Misiones,A=C.A.B.A.,U=Salta,A=Rio Negro,A=Buenos Aires,A=Chaco,A=Catamarca,A=Jujuy,A=Santa Fe,U=La Pampa,A=Chubut,A=San Luis,A=Formosa,A=Córdoba,A=Tucumán,A=Mendoza,A=La Rioja,A=San Juan,A=Corrientes,A=Santa Cruz,A=Tierra del Fuego,A=Neuquén
24,N=PRO,A=Partido Bloquista de San Juan,A=Fte. de Izquierda y de los Trabajadores,A=Frente de la Concordia Misionero,A=Nuevo Espacio Santafesino,U=Frente Cívico por Santiago,A=Unidad Justicialista,A=Justicialista,A=Libres del Sur,A=Elijo Catamarca,A=Justicialista por Tucumán,A=Trabajo y Dignidad,A=Primero Argentina,A=Todos Juntos por San Juan,N=Partido por la Justicia Social,N=Coalición Cívica,A=Córdoba Trabajo y Producción,A=Partido Intransigente de Mendoza,N=Unión Cívica Radical,A=Partido Socialista,A=PTS - Frente de Izquierda,A=Frente para la Victoria - PJ,A=Somos Mendoza,N=Fte. Cívico y Social de Catamarca,A=Evolución Radical,A=Concertación FORJA,A=Córdoba Federal,A=Somos San Juan,N=Movimiento Popular Neuquino,A=Federal Unidos por una Nueva Argentina,A=Salta Somos Todos,A=Cultura Educación y Trabajo,A=Peronismo para la Victoria,N=Jujuy,A=La Pampa,A=San Juan,N=Córdoba,A=Tucumán,U=Chaco,N=Mendoza,A=Misiones,A=Rio Negro,N=C.A.B.A.,A=Salta,U=Santiago del Estero,A=Buenos Aires,A=San Luis,A=Formosa,N=Entre Ríos,N=Corrientes,N=La Rioja,A=Catamarca,A=Santa Fe,A=Tierra del Fuego,N=Santa Cruz,N=Neuquén,A=Chubut
54,A=Federal Unidos por una Nueva Argentina,A=Elijo Catamarca,A=Protectora,N=Movimiento Popular Neuquino,U=Cultura Educación y Trabajo,A=Córdoba Federal,U=Somos Mendoza,A=Justicialista por Tucumán,U=Frente Cívico por Santiago,N=Partido por la Justicia Social,A=Frente de la Concordia Misionero,A=Todos Juntos por San Juan,A=Justicialista,U=Evolución Radical,A=Somos San Juan,U=Nuevo Espacio Santafesino,A=Unidad Justicialista,A=PTS - Frente de Izquierda,A=Fte. de Izquierda y de los Trabajadores,U=Primero Argentina,N=PRO,A=Trabajo y Dignidad,U=Córdoba Trabajo y Producción,N=Unión Cívica Radical,U=Fte. Cívico y Social de Catamarca,U=Peronismo para la Victoria,A=Frente para la Victoria - PJ,N=Coalición Cívica,A=Partido Bloquista de San Juan,A=Frente Progresista Cívico y Social,U=Libres del Sur,U=Salta Somos Todos,A=Concertación FORJA,U=Santiago del Estero,N=Mendoza,A=Catamarca,N=C.A.B.A.,N=La Rioja,A=Buenos Aires,A=Formosa,N=Corrientes,A=Jujuy,N=Santa Fe,U=Salta,A=La Pampa,A=San Juan,U=Chaco,A=Misiones,A=Chubut,U=Rio Negro,A=San Luis,N=Córdoba,A=Tucumán,N=Entre Ríos,A=Santa Cruz,A=Tierra del Fuego,N=Neuquén
58,A=Córdoba Federal,A=Concertación FORJA,U=Frente Cívico por Santiago,A=Justicialista,A=Evolución Radical,U=Cultura Educación y Trabajo,A=Unión Cívica Radical,A=Unidad Justicialista,A=Coalición Cívica,A=Frente Progresista Cívico y Social,A=Somos Mendoza,A=Elijo Catamarca,U=Salta Somos Todos,A=Frente para la Victoria - PJ,A=Somos San Juan,A=Protectora,A=Todos Juntos por San Juan,U=Fte. Cívico y Social de Catamarca,A=Libres del Sur,U=Primero Argentina,U=Nuevo Espacio Santafesino,A=Federal Unidos por una Nueva Argentina,A=PTS - Frente de Izquierda,A=Frente de la Concordia Misionero,A=Peronismo para la Victoria,U=Partido Bloquista de San Juan,A=Trabajo y Dignidad,U=Córdoba Trabajo y Producción,A=Movimiento Popular Neuquino,A=Partido por la Justicia Social,A=Fte. de Izquierda y de los Trabajadores,A=Justicialista por Tucumán,A=PRO,A=San Luis,A=Chaco,A=Corrientes,A=Misiones,A=Neuquén,A=Catamarca,A=Tierra del Fuego,U=Salta,A=C.A.B.A.,U=Santa Cruz,A=Buenos Aires,A=San Juan,A=Córdoba,A=Tucumán,A=Entre Ríos,A=Jujuy,A=Chubut,A=La Rioja,U=Santiago del Estero,A=Formosa,A=Mendoza,A=Santa Fe,A=La Pampa,A=Rio Negro
12,A=Unidad Justicialista,A=Primero Argentina,N=Movimiento Popular Neuquino,N=Coalición Cívica,A=Trabajo y Dignidad,A=Frente Cívico por Santiago,A=Córdoba Federal,A=Frente de la Concordia Misionero,A=Justicialista por Tucumán,U=Concertación FORJA,A=Elijo Catamarca,N=PRO,A=Frente para la Victoria - PJ,N=Partido por la Justicia Social,A=Partido Bloquista de San Juan,A=Somos Mendoza,A=Salta Somos Todos,A=Justicialista,N=Fte. Cívico y Social de Catamarca,A=Evolución Radical,A=Partido Socialista,A=PTS - Frente de Izquierda,A=Cultura Educación y Trabajo,A=Peronismo para la Victoria,A=Fte. de Izquierda y de los Trabajadores,A=Libres del Sur,A=Somos San Juan,A=Partido Intransigente de Mendoza,N=Unión Cívica Radical,A=Federal Unidos por una Nueva Argentina,A=Córdoba Trabajo y Producción,A=Nuevo Espacio Santafesino,A=Todos Juntos por San Juan,A=Chubut,A=Buenos Aires,A=Formosa,N=Mendoza,A=Jujuy,N=Santa Cruz,A=Salta,A=Rio Negro,A=La Rioja,A=Santiago del Estero,A=Tucumán,N=Corrientes,A=Catamarca,N=C.A.B.A.,A=San Juan,N=Córdoba,U=Chaco,A=Misiones,A=Santa Fe,A=San Luis,N=Entre Ríos,A=Tierra del Fuego,N=Neuquén,A=La Pampa
28,A=Todos Juntos por San Juan,A=Unidad Justicialista,N=Coalición Cívica,A=Partido Bloquista de San Juan,A=Somos Mendoza,A=Partido Intransigente de Mendoza,A=Federal Unidos por una Nueva Argentina,A=Evolución Radical,A=Salta Somos Todos,A=Somos San Juan,A=Primero Argentina,A=Cultura Educación y Trabajo,N=Unión Cívica Radical,A=Fte. de Izquierda y de los Trabajadores,N=Movimiento Popular Neuquino,A=Trabajo y Dignidad,A=Concertación FORJA,U=Frente Cívico por Santiago,A=Peronismo para la Victoria,A=Frente de la Concordia Misionero,N=PRO,A=Justicialista,A=Partido Socialista,A=Elijo Catamarca,A=Frente para la Victoria - PJ,N=Partido por la Justicia Social,A=Córdoba Federal,U=PTS - Frente de Izquierda,A=Córdoba Trabajo y Producción,N=Fte. Cívico y Social de Catamarca,A=Libres del Sur,A=Justicialista por Tucumán,A=Nuevo Espacio Santafesino,N=Jujuy,N=C.A.B.A.,A=San Luis,A=Tucumán,N=Entre Ríos,N=Mendoza,A=Santa Fe,N=Santa Cruz,A=Tierra del Fuego,N=La Rioja,N=Córdoba,A=Buenos Aires,A=Chaco,A=Misiones,N=Neuquén,A=La Pampa,A=Rio Negro,U=Santiago del Estero,A=Formosa,U=Corrientes,A=Catamarca,A=Salta,A=Chubut,A=San Juan
52,A=Peronismo para la Victoria,A=Salta Somos Todos,N=PRO,A=Todos Juntos por San Juan,A=Justicialista,A=Partido Bloquista de San Juan,A=Trabajo y Dignidad,A=Somos San Juan,A=Unidad Justicialista,A=Federal Unidos por una Nueva Argentina,A=Córdoba Federal,A=Fte. de Izquierda y de los Trabajadores,A=Concertación FORJA,N=Coalición Cívica,U=Libres del Sur,U=Nuevo Espacio Santafesino,U=Cultura Educación y Trabajo,N=Partido por la Justicia Social,U=Fte. Cívico y Social de Catamarca,U=Justicialista por Tucumán,A=Movimiento Popular Neuquino,N=Frente Cívico por Santiago,N=Unión Cívica Radical,U=Somos Mendoza,U=Primero Argentina,A=Frente para la Victoria - PJ,U=Evolución Radical,A=Protectora,A=Elijo Catamarca,U=Córdoba Trabajo y Producción,A=Frente Progresista Cívico y Social,A=PTS - Frente de Izquierda,A=Frente de la Concordia Misionero,N=Santiago del Estero,A=Buenos Aires,A=Corrientes,A=Jujuy,N=C.A.B.A.,A=Santa Cruz,A=Rio Negro,U=La Rioja,A=Chubut,A=San Luis,N=Córdoba,N=Tucumán,N=Chaco,A=Catamarca,A=Formosa,N=Entre Ríos,N=Mendoza,A=Neuquén,U=Salta,A=La Pampa,A=San Juan,A=Misiones,N=Santa Fe,A=Tierra del Fuego
5,U=Libres del Sur,A=Justicialista por Tucumán,U=Córdoba Trabajo y Producción,A=Concertación FORJA,U=Nuevo Espacio Santafesino,A=Frente para la Victoria - PJ,A=Partido Socialista,U=PTS - Frente de Izquierda,A=Frente de la Concordia Misionero,A=Evolución Radical,A=Somos Mendoza,A=Córdoba Federal,A=Elijo Catamarca,U=Somos San Juan,A=Movimiento Popular Neuquino,A=Peronismo para la Victoria,B=Fte. de Izquierda y de los Trabajadores,A=Trabajo y Dignidad,A=Partido Intransigente de Mendoza,A=PRO,A=Unión Cívica Radical,A=Justicialista,A=Coalición Cívica,A=Frente Cívico por Santiago,A=Todos Juntos por San Juan,A=Partido por la Justicia Social,A=Fte. Cívico y Social de Catamarca,A=Partido Bloquista de San Juan,U=Primero Argentina,A=Unidad Justicialista,A=Federal Unidos por una Nueva Argentina,A=Salta Somos Todos,A=Cultura Educación y Trabajo,A=Rio Negro,A=Buenos Aires,A=San Juan,A=San Luis,A=Chaco,A=Entre Ríos,A=Misiones,A=Neuquén,A=Tucumán,A=Mendoza,A=Corrientes,A=C.A.B.A.,A=La Rioja,A=Chubut,A=Tierra del Fuego,A=Santiago del Estero,A=Formosa,A=Córdoba,A=Catamarca,A=Jujuy,A=Santa Fe,A=Santa Cruz,A=La Pampa,A=Salta
8,A=Todos Juntos por San Juan,A=Unión Cívica Radical,A=Partido Bloquista de San Juan,N=Partido Socialista,A=Elijo Catamarca,U=Concertación FORJA,A=PRO,B=Federal Unidos por una Nueva Argentina,A=Partido por la Justicia Social,N=Peronismo para la Victoria,A=Movimiento Popular Neuquino,N=Frente para la Victoria - PJ,A=Justicialista,U=Libres del Sur,N=Nuevo Espacio Santafesino,N=PTS - Frente de Izquierda,B=Unidad Justicialista,B=Trabajo y Dignidad,B=Córdoba Trabajo y Producción,U=Somos San Juan,A=Frente de la Concordia Misionero,N=Somos Mendoza,U=Primero Argentina,A=Frente Cívico por Santiago,A=Córdoba Federal,A=Coalición Cívica,A=Evolución Radical,A=Fte. Cívico y Social de Catamarca,N=Fte. de Izquierda y de los Trabajadores,U=Justicialista por Tucumán,A=Salta Somos Todos,A=Partido Intransigente de Mendoza,B=Cultura Educación y Trabajo,A=Misiones,A=Santa Cruz,A=La Rioja,A=San Juan,N=Formosa,A=Tucumán,A=Mendoza,A=Corrientes,A=Salta,A=Buenos Aires,A=Chaco,A=Santa Fe,N=Tierra del Fuego,A=Neuquén,A=Santiago del Estero,B=San Luis,A=Córdoba,A=Catamarca,A=Jujuy,A=Entre Ríos,A=C.A.B.A.,A=La Pampa,A=Rio Negro,N=Chubut
20,A=Salta Somos Todos,A=Concertación FORJA,A=Todos Juntos por San Juan,A=PTS - Frente de Izquierda,A=Evolución Radical,A=Cultura Educación y Trabajo,A=Frente Cívico por Santiago,N=Unión Cívica Radical,U=Fte. de Izquierda y de los Trabajadores,A=Justicialista,A=Trabajo y Dignidad,N=PRO,A=Frente para la Victoria - PJ,A=Frente de la Concordia Misionero,U=Córdoba Trabajo y Producción,A=Partido Intransigente de Mendoza,U=Córdoba Federal,A=Partido Bloquista de San Juan,N=Fte. Cívico y Social de Catamarca,A=Peronismo para la Victoria,A=Libres del Sur,N=Movimiento Popular Neuquino,A=Unidad Justicialista,A=Federal Unidos por una Nueva Argentina,A=Primero Argentina,A=Partido Socialista,A=Somos San Juan,A=Somos Mendoza,A=Elijo Catamarca,A=Justicialista por Tucumán,A=Nuevo Espacio Santafesino,N=Partido por la Justicia Social,N=Coalición Cívica,N=La Rioja,A=Santiago del Estero,A=Formosa,N=Corrientes,A=Santa Fe,A=Jujuy,N=Santa Cruz,A=La Pampa,A=Buenos Aires,N=Córdoba,N=Entre Ríos,A=Misiones,A=Neuquén,A=Rio Negro,A=San Luis,N=Mendoza,A=Catamarca,N=C.A.B.A.,A=Salta,A=Chubut,A=San Juan,A=Tucumán,A=Chaco,A=Tierra del Fuego
21,A=Partido Socialista,A=Libres del Sur,A=Concertación FORJA,A=Somos San Juan,N=Partido por la Justicia Social,A=Federal Unidos por una Nueva Argentina,A=Somos Mendoza,A=Primero Argentina,N=PRO,A=Cultura Educación y Trabajo,A=Salta Somos Todos,N=Fte. Cívico y Social de Catamarca,A=Elijo Catamarca,A=Partido Intransigente de Mendoza,A=Justicialista,A=Todos Juntos por San Juan,A=Frente Cívico por Santiago,N=Coalición Cívica,A=Nuevo Espacio Santafesino,A=Frente para la Victoria - PJ,A=Evolución Radical,A=Peronismo para la Victoria,A=PTS - Frente de Izquierda,U=Fte. de Izquierda y de los Trabajadores,A=Frente de la Concordia Misionero,A=Justicialista por Tucumán,N=Movimiento Popular Neuquino,N=Unión Cívica Radical,U=Córdoba Federal,A=Partido Bloquista de San Juan,A=Trabajo y Dignidad,A=Córdoba Trabajo y Producción,A=Unidad Justicialista,N=Córdoba,A=Tucumán,U=Chaco,A=Santa Fe,N=Santa Cruz,A=Neuquén,A=San Juan,A=Formosa,A=La Rioja,A=Catamarca,N=C.A.B.A.,A=Rio Negro,A=Chubut,A=Santiago del Estero,N=Corrientes,N=Entre Ríos,N=Mendoza,A=Misiones,A=Salta,A=Buenos Aires,A=San Luis,A=La Pampa,A=Jujuy,A=Tierra del Fuego
22,A=Trabajo y Dignidad,U=Salta Somos Todos,A=Cultura Educación y Trabajo,U=Frente Cívico por Santiago,A=Unidad Justicialista,N=Partido por la Justicia Social,N=Coalición Cívica,A=Evolución Radical,A=Peronismo para la Victoria,A=PTS - Frente de Izquierda,U=Fte. de Izquierda y de los Trabajadores,N=PRO,U=Nuevo Espacio Santafesino,A=Córdoba Trabajo y Producción,U=Córdoba Federal,A=Somos San Juan,N=Fte. Cívico y Social de Catamarca,A=Partido Bloquista de San Juan,A=Elijo Catamarca,A=Justicialista por Tucumán,A=Primero Argentina,A=Movimiento Popular Neuquino,A=Frente para la Victoria - PJ,A=Federal Unidos por una Nueva Argentina,A=Todos Juntos por San Juan,A=Frente de la Concordia Misionero,A=Partido Intransigente de Mendoza,N=Unión Cívica Radical,A=Partido Socialista,A=Libres del Sur,A=Somos Mendoza,A=Concertación FORJA,A=Justicialista,N=C.A.B.A.,A=Santa Fe,N=Santa Cruz,A=Chubut,A=San Juan,A=Tucumán,A=Mendoza,N=Córdoba,N=Entre Ríos,A=Neuquén,A=Salta,A=La Rioja,U=Santiago del Estero,A=Buenos Aires,A=San Luis,A=La Pampa,A=Chaco,A=Misiones,N=Jujuy,A=Tierra del Fuego,A=Rio Negro,A=Formosa,U=Corrientes,A=Catamarca
35,A=Córdoba Federal,N=PRO,U=Partido Socialista,A=PTS - Frente de Izquierda,A=Córdoba Trabajo y Producción,N=Movimiento Popular Neuquino,A=Cultura Educación y Trabajo,N=Unión Cívica Radical,A=Evolución Radical,A=Elijo Catamarca,U=Justicialista,U=Fte. Cívico y Social de Catamarca,U=Justicialista por Tucumán,A=Somos Mendoza,U=Somos San Juan,U=Todos Juntos por San Juan,N=Coalición Cívica,U=Peronismo para la Victoria,A=Fte. de Izquierda y de los Trabajadores,U=Libres del Sur,A=Trabajo y Dignidad,A=Concertación FORJA,A=Primero Argentina,U=Frente Cívico por Santiago,A=Unidad Justicialista,A=Partido Bloquista de San Juan,U=Salta Somos Todos,A=Partido Intransigente de Mendoza,A=Nuevo Espacio Santafesino,A=Frente para la Victoria - PJ,A=Federal Unidos por una Nueva Argentina,N=Partido por la Justicia Social,A=Frente de la Concordia Misionero,U=Santiago del Estero,A=Tucumán,A=Misiones,N=Santa Fe,A=Salta,N=Rio Negro,A=Buenos Aires,U=Chaco,N=Mendoza,A=Catamarca,N=Santa Cruz,N=Neuquén,A=San Juan,N=Córdoba,N=Entre Ríos,N=Corrientes,N=C.A.B.A.,A=Tierra del Fuego,A=San Luis,A=Formosa,N=Jujuy,U=La Pampa,A=La Rioja,A=Chubut
13,A=Todos Juntos por San Juan,A=Justicialista,A=Nuevo Espacio Santafesino,A=Peronismo para la Victoria,A=Libres del Sur,A=Trabajo y Dignidad,A=Frente Cívico por Santiago,N=Partido por la Justicia Social,N=Fte. Cívico y Social de Catamarca,N=Coalición Cívica,A=Evolución Radical,A=Córdoba Federal,N=Movimiento Popular Neuquino,N=PRO,A=Frente para la Victoria - PJ,A=Federal Unidos por una Nueva Argentina,A=Fte. de Izquierda y de los Trabajadores,A=Primero Argentina,N=Unión Cívica Radical,A=Partido Bloquista de San Juan,A=Frente de la Concordia Misionero,A=Córdoba Trabajo y Producción,A=Salta Somos Todos,A=Unidad Justicialista,A=PTS - Frente de Izquierda,A=Elijo Catamarca,A=Justicialista por Tucumán,A=Cultura Educación y Trabajo,A=Somos Mendoza,U=Concertación FORJA,A=Partido Intransigente de Mendoza,A=Partido Socialista,A=Somos San Juan,N=Córdoba,A=Chaco,A=Misiones,A=Salta,A=Formosa,A=San Juan,A=San Luis,A=Tucumán,N=Entre Ríos,N=Mendoza,A=Buenos Aires,A=Jujuy,N=C.A.B.A.,N=Santa Cruz,A=Rio Negro,N=La Rioja,A=Corrientes,A=Catamarca,A=Santa Fe,A=Tierra del Fuego,N=Neuquén,A=La Pampa,A=Chubut,A=Santiago del Estero
55,A=Unidad Justicialista,N=Movimiento Popular Neuquino,A=Federal Unidos por una Nueva Argentina,A=Justicialista,A=Frente Progresista Cívico y Social,A=Somos San Juan,A=Córdoba Federal,A=Fte. de Izquierda y de los Trabajadores,U=Salta Somos Todos,A=Peronismo para la Victoria,A=Elijo Catamarca,A=Nuevo Espacio Santafesino,A=Protectora,U=Primero Argentina,U=Frente Cívico por Santiago,U=Fte. Cívico y Social de Catamarca,N=Coalición Cívica,A=Partido Bloquista de San Juan,B=Frente de la Concordia Misionero,A=Trabajo y Dignidad,A=Todos Juntos por San Juan,N=Unión Cívica Radical,N=Partido por la Justicia Social,U=Córdoba Trabajo y Producción,U=Concertación FORJA,N=PRO,U=Evolución Radical,A=PTS - Frente de Izquierda,U=Libres del Sur,U=Somos Mendoza,U=Cultura Educación y Trabajo,A=Frente para la Victoria - PJ,A=Justicialista por Tucumán,A=San Juan,A=Misiones,N=Neuquén,A=La Pampa,A=Chubut,N=C.A.B.A.,A=Santa Cruz,A=Tierra del Fuego,U=Santiago del Estero,A=Formosa,N=Córdoba,N=Chaco,A=Jujuy,N=La Rioja,A=Rio Negro,N=Entre Ríos,N=Mendoza,N=Corrientes,A=Santa Fe,U=Salta,A=Buenos Aires,A=San Luis,N=Tucumán,A=Catamarca
72,N=Frente para la Victoria - PJ,N=Federal Unidos por una Nueva Argentina,A=Coalición Cívica,N=Frente Progresista Cívico y Social,A=Movimiento Popular Neuquino,A=Evolución Radical,U=Nuevo Espacio Santafesino,U=Fte. Cívico y Social de Catamarca,A=Córdoba Federal,U=Partido Bloquista de San Juan,U=Peronismo para la Victoria,N=Trabajo y Dignidad,N=Fte. de Izquierda y de los Trabajadores,A=Somos San Juan,A=Unión Cívica Radical,A=Elijo Catamarca,A=Frente Cívico por Santiago,U=Libres del Sur,U=Salta Somos Todos,N=Concertación FORJA,U=Primero Argentina,A=PRO,A=Todos Juntos por San Juan,U=Unidad Justicialista,U=Justicialista,U=Frente de la Concordia Misionero,U=Justicialista por Tucumán,U=Córdoba Trabajo y Producción,A=Partido por la Justicia Social,N=PTS - Frente de Izquierda,U=Somos Mendoza,A=Protectora,U=Cultura Educación y Trabajo,U=Corrientes,A=Misiones,A=C.A.B.A.,N=Tierra del Fuego,A=Neuquén,A=Santiago del Estero,A=Tucumán,A=Mendoza,A=La Pampa,A=La Rioja,A=Córdoba,A=Catamarca,A=Jujuy,U=Salta,N=Chubut,U=San Juan,U=San Luis,N=Formosa,A=Santa Cruz,N=Buenos Aires,U=Chaco,A=Santa Fe,A=Entre Ríos,A=Rio Negro
70,A=PTS - Frente de Izquierda,U=Partido Bloquista de San Juan,A=Peronismo para la Victoria,A=Protectora,U=Nuevo Espacio Santafesino,A=Movimiento Popular Neuquino,A=Frente para la Victoria - PJ,A=Partido por la Justicia Social,A=Justicialista,A=Córdoba Federal,A=Frente Progresista Cívico y Social,A=Concertación FORJA,A=Somos San Juan,A=Federal Unidos por una Nueva Argentina,A=Elijo Catamarca,A=Evolución Radical,A=Fte. de Izquierda y de los Trabajadores,A=Libres del Sur,U=Cultura Educación y Trabajo,U=Fte. Cívico y Social de Catamarca,U=Justicialista por Tucumán,A=Trabajo y Dignidad,U=Córdoba Trabajo y Producción,A=Todos Juntos por San Juan,A=Coalición Cívica,U=Primero Argentina,A=Frente Cívico por Santiago,A=Unidad Justicialista,A=Unión Cívica Radical,U=Frente de la Concordia Misionero,U=Somos Mendoza,U=Salta Somos Todos,A=PRO,A=Santiago del Estero,A=Tierra del Fuego,A=Neuquén,A=La Pampa,A=Mendoza,A=Jujuy,A=Santa Fe,A=San Juan,A=Córdoba,A=Tucumán,A=Chaco,A=Entre Ríos,A=Santa Cruz,U=Salta,A=La Rioja,A=Chubut,A=Buenos Aires,A=San Luis,A=Corrientes,A=C.A.B.A.,A=Rio Negro,A=Formosa,A=Misiones,A=Catamarca
2,A=Justicialista,A=Partido Intransigente de Mendoza,A=Trabajo y Dignidad,U=Somos San Juan,A=Frente Cívico por Santiago,A=Federal Unidos por una Nueva Argentina,N=Evolución Radical,U=Libres del Sur,A=Salta Somos Todos,A=Cultura Educación y Trabajo,N=Partido por la Justicia Social,A=Córdoba Federal,A=Partido Socialista,A=Frente de la Concordia Misionero,N=Fte. Cívico y Social de Catamarca,B=Fte. de Izquierda y de los Trabajadores,A=Concertación FORJA,U=Primero Argentina,A=Todos Juntos por San Juan,N=Unión Cívica Radical,N=Coalición Cívica,U=Justicialista por Tucumán,U=Somos Mendoza,A=Movimiento Popular Neuquino,N=PRO,A=Unidad Justicialista,A=Elijo Catamarca,U=Nuevo Espacio Santafesino,A=Córdoba Trabajo y Producción,A=Frente para la Victoria - PJ,A=Partido Bloquista de San Juan,A=Peronismo para la Victoria,B=PTS - Frente de Izquierda,N=Santa Cruz,A=Tierra del Fuego,N=Buenos Aires,N=Mendoza,N=Santa Fe,A=Chubut,N=Córdoba,A=Misiones,A=La Pampa,U=Chaco,N=Entre Ríos,A=Corrientes,A=Catamarca,N=Jujuy,A=San Juan,A=Formosa,N=Tucumán,N=C.A.B.A.,A=Neuquén,N=La Rioja,A=Rio Negro,A=Santiago del Estero,A=San Luis,A=Salta
31,N=Fte. Cívico y Social de Catamarca,A=Somos San Juan,A=Nuevo Espacio Santafesino,U=Movimiento Popular Neuquino,N=PRO,A=Elijo Catamarca,A=Trabajo y Dignidad,U=Salta Somos Todos,A=Todos Juntos por San Juan,A=Federal Unidos por una Nueva Argentina,U=Partido por la Justicia Social,A=Justicialista,N=Coalición Cívica,A=Frente de la Concordia Misionero,U=Libres del Sur,A=Córdoba Trabajo y Producción,A=Frente para la Victoria - PJ,A=Unidad Justicialista,N=Unión Cívica Radical,A=Partido Bloquista de San Juan,A=Partido Socialista,A=Cultura Educación y Trabajo,A=Córdoba Federal,A=Justicialista por Tucumán,A=Concertación FORJA,A=Partido Intransigente de Mendoza,U=PTS - Frente de Izquierda,A=Somos Mendoza,U=Frente Cívico por Santiago,A=Evolución Radical,A=Primero Argentina,A=Peronismo para la Victoria,A=Fte. de Izquierda y de los Trabajadores,A=Chubut,U=Santiago del Estero,N=Formosa,N=Córdoba,A=Tucumán,N=Mendoza,A=Jujuy,A=Misiones,N=Rio Negro,N=La Rioja,A=Buenos Aires,U=Corrientes,A=Catamarca,A=Santa Fe,N=Santa Cruz,A=Tierra del Fuego,A=Salta,A=La Pampa,A=San Juan,A=San Luis,A=Chaco,N=Entre Ríos,N=C.A.B.A.,U=Neuquén
51,N=Coalición Cívica,A=Peronismo para la Victoria,N=Concertación FORJA,N=Partido por la Justicia Social,N=Justicialista,U=Evolución Radical,A=Salta Somos Todos,A=Somos San Juan,U=Frente Cívico por Santiago,N=Partido Bloquista de San Juan,A=Trabajo y Dignidad,U=Primero Argentina,A=Nuevo Espacio Santafesino,U=Movimiento Popular Neuquino,N=Unión Cívica Radical,B=Córdoba Federal,U=Córdoba Trabajo y Producción,N=Protectora,N=PRO,N=Frente para la Victoria - PJ,U=Fte. Cívico y Social de Catamarca,U=Libres del Sur,A=Todos Juntos por San Juan,A=Federal Unidos por una Nueva Argentina,A=PTS - Frente de Izquierda,A=Fte. de Izquierda y de los Trabajadores,N=Frente de la Concordia Misionero,U=Somos Mendoza,A=Elijo Catamarca,A=Justicialista por Tucumán,A=Unidad Justicialista,A=Frente Progresista Cívico y Social,U=Cultura Educación y Trabajo,N=La Pampa,U=Santiago del Estero,N=San Juan,N=Córdoba,N=Tucumán,N=Tierra del Fuego,U=Salta,N=La Rioja,N=Formosa,N=Chaco,N=Entre Ríos,N=C.A.B.A.,N=Misiones,A=Catamarca,N=Jujuy,N=Santa Cruz,N=Buenos Aires,A=San Luis,N=Mendoza,N=Corrientes,N=Chubut,N=Santa Fe,N=Neuquén,N=Rio Negro
60,B=Fte. de Izquierda y de los Trabajadores,A=Protectora,A=Somos San Juan,U=Primero Argentina,U=Fte. Cívico y Social de Catamarca,U=Partido Bloquista de San Juan,A=Libres del Sur,A=Elijo Catamarca,A=Justicialista por Tucumán,A=Trabajo y Dignidad,U=Cultura Educación y Trabajo,A=Córdoba Federal,A=PRO,A=Todos Juntos por San Juan,A=Evolución Radical,A=Frente Progresista Cívico y Social,U=Córdoba Trabajo y Producción,A=Frente Cívico por Santiago,A=Frente para la Victoria - PJ,A=Unidad Justicialista,A=Coalición Cívica,A=Peronismo para la Victoria,B=PTS - Frente de Izquierda,A=Frente de la Concordia Misionero,A=Somos Mendoza,A=Unión Cívica Radical,A=Federal Unidos por una Nueva Argentina,U=Salta Somos Todos,A=Concertación FORJA,U=Nuevo Espacio Santafesino,A=Partido por la Justicia Social,A=Justicialista,A=Movimiento Popular Neuquino,A=Misiones,A=Tierra del Fuego,A=Neuquén,U=Salta,A=Santiago del Estero,A=San Luis,A=Córdoba,A=Chaco,A=Chubut,A=Mendoza,A=Corrientes,A=C.A.B.A.,A=Rio Negro,A=Buenos Aires,A=Entre Ríos,A=Catamarca,A=Santa Fe,U=Santa Cruz,A=La Pampa,A=La Rioja,A=San Juan,A=Formosa,A=Tucumán,A=Jujuy
62,A=Frente para la Victoria - PJ,A=Frente de la Concordia Misionero,A=Elijo Catamarca,N=Fte. de Izquierda y de los Trabajadores,A=Somos San Juan,U=Primero Argentina,A=Protectora,A=Frente Cívico por Santiago,A=Unión Cívica Radical,U=Fte. Cívico y Social de Catamarca,A=Córdoba Federal,A=Somos Mendoza,A=Trabajo y Dignidad,U=Salta Somos Todos,A=Concertación FORJA,A=PRO,A=Todos Juntos por San Juan,A=Coalición Cívica,A=Libres del Sur,U=Cultura Educación y Trabajo,A=Unidad Justicialista,U=Partido Bloquista de San Juan,A=Movimiento Popular Neuquino,U=Córdoba Trabajo y Producción,U=Nuevo Espacio Santafesino,A=Federal Unidos por una Nueva Argentina,A=Justicialista,A=Frente Progresista Cívico y Social,N=PTS - Frente de Izquierda,A=Partido por la Justicia Social,A=Evolución Radical,A=Peronismo para la Victoria,A=Justicialista por Tucumán,A=Tucumán,A=Entre Ríos,A=La Pampa,A=Tierra del Fuego,A=San Juan,A=San Luis,A=Córdoba,A=Mendoza,A=Corrientes,A=Jujuy,U=Santa Cruz,U=Salta,A=Rio Negro,A=Santiago del Estero,A=Buenos Aires,A=Formosa,A=Chaco,A=Misiones,A=C.A.B.A.,A=Santa Fe,A=Catamarca,A=Neuquén,A=La Rioja,A=Chubut
69,A=Federal Unidos por una Nueva Argentina,U=Justicialista,A=Córdoba Federal,A=Peronismo para la Victoria,U=Córdoba Trabajo y Producción,U=Cultura Educación y Trabajo,U=Nuevo Espacio Santafesino,A=Frente Cívico por Santiago,A=Todos Juntos por San Juan,A=Evolución Radical,U=PTS - Frente de Izquierda,A=Elijo Catamarca,U=Primero Argentina,A=Coalición Cívica,A=Frente Progresista Cívico y Social,U=Fte. de Izquierda y de los Trabajadores,U=Justicialista por Tucumán,A=PRO,A=Trabajo y Dignidad,U=Salta Somos Todos,A=Protectora,U=Partido por la Justicia Social,U=Fte. Cívico y Social de Catamarca,A=Somos Mendoza,A=Movimiento Popular Neuquino,A=Frente de la Concordia Misionero,A=Somos San Juan,A=Unidad Justicialista,A=Unión Cívica Radical,U=Partido Bloquista de San Juan,N=Concertación FORJA,N=Frente para la Victoria - PJ,A=Libres del Sur,A=Formosa,A=Córdoba,A=Chaco,A=Mendoza,A=Catamarca,A=Santa Cruz,A=Neuquén,A=Santiago del Estero,A=Entre Ríos,A=C.A.B.A.,U=Salta,A=Buenos Aires,A=Jujuy,A=Santa Fe,A=Misiones,A=San Luis,A=Tucumán,A=Corrientes,N=Tierra del Fuego,A=La Pampa,A=Rio Negro,A=La Rioja,A=San Juan,A=Chubut
6,N=Trabajo y Dignidad,U=Primero Argentina,A=Fte. Cívico y Social de Catamarca,A=Partido Intransigente de Mendoza,A=Movimiento Popular Neuquino,N=Frente para la Victoria - PJ,A=Evolución Radical,N=Peronismo para la Victoria,N=Fte. de Izquierda y de los Trabajadores,N=Federal Unidos por una Nueva Argentina,U=Justicialista por Tucumán,N=Nuevo Espacio Santafesino,A=Frente Cívico por Santiago,A=Justicialista,U=Libres del Sur,N=Concertación FORJA,A=Unión Cívica Radical,A=Córdoba Federal,N=Córdoba Trabajo y Producción,A=Salta Somos Todos,A=Elijo Catamarca,U=Somos San Juan,A=PRO,N=Unidad Justicialista,A=Partido por la Justicia Social,N=Partido Socialista,A=Frente de la Concordia Misionero,N=Somos Mendoza,N=Cultura Educación y Trabajo,A=Todos Juntos por San Juan,A=Coalición Cívica,A=Partido Bloquista de San Juan,N=PTS - Frente de Izquierda,N=Buenos Aires,A=Córdoba,A=Santa Cruz,A=Neuquén,A=Rio Negro,A=Santiago del Estero,A=Tucumán,A=Corrientes,A=Misiones,A=Catamarca,A=Jujuy,A=San Juan,A=Chaco,A=Mendoza,A=Santa Fe,A=Salta,N=Chubut,N=San Luis,A=Entre Ríos,A=C.A.B.A.,N=Tierra del Fuego,A=La Pampa,A=La Rioja,N=Formosa
17,A=Concertación FORJA,A=Justicialista,A=Partido Socialista,A=PTS - Frente de Izquierda,A=Libres del Sur,A=Trabajo y Dignidad,N=Coalición Cívica,A=Evolución Radical,A=Partido Bloquista de San Juan,U=Frente Cívico por Santiago,A=Peronismo para la Victoria,N=Movimiento Popular Neuquino,A=Todos Juntos por San Juan,A=Partido Intransigente de Mendoza,A=Primero Argentina,N=Unión Cívica Radical,A=Córdoba Trabajo y Producción,A=Nuevo Espacio Santafesino,U=Córdoba Federal,A=Salta Somos Todos,A=Somos San Juan,A=Cultura Educación y Trabajo,A=Frente para la Victoria - PJ,A=Unidad Justicialista,A=Federal Unidos por una Nueva Argentina,A=Somos Mendoza,A=Elijo Catamarca,A=Justicialista por Tucumán,N=PRO,N=Partido por la Justicia Social,N=Fte. Cívico y Social de Catamarca,A=Fte. de Izquierda y de los Trabajadores,A=Frente de la Concordia Misionero,A=Catamarca,A=Jujuy,N=C.A.B.A.,A=La Pampa,A=Chubut,U=Santiago del Estero,N=Santa Cruz,A=Buenos Aires,N=Mendoza,A=Misiones,A=Rio Negro,A=Chaco,A=San Luis,A=Formosa,N=Córdoba,A=Tucumán,N=Entre Ríos,N=Corrientes,A=Santa Fe,A=San Juan,N=Neuquén,A=Salta,N=La Rioja,A=Tierra del Fuego
18,N=Partido Intransigente de Mendoza,N=Todos Juntos por San Juan,N=Partido Bloquista de San Juan,N=PTS - Frente de Izquierda,N=Frente de la Concordia Misionero,N=Trabajo y Dignidad,A=Salta Somos Todos,N=Evolución Radical,N=Fte. de Izquierda y de los Trabajadores,A=PRO,U=Córdoba Federal,N=Nuevo Espacio Santafesino,N=Movimiento Popular Neuquino,A=Partido por la Justicia Social,A=Coalición Cívica,N=Partido Socialista,U=Córdoba Trabajo y Producción,N=Concertación FORJA,N=Unidad Justicialista,A=Unión Cívica Radical,N=Federal Unidos por una Nueva Argentina,N=Peronismo para la Victoria,A=Somos Mendoza,N=Justicialista por Tucumán,N=Somos San Juan,N=Elijo Catamarca,N=Cultura Educación y Trabajo,N=Frente para la Victoria - PJ,N=Justicialista,A=Frente Cívico por Santiago,A=Fte. Cívico y Social de Catamarca,N=Libres del Sur,N=Primero Argentina,N=Rio Negro,N=San Luis,A=Córdoba,A=Entre Ríos,A=Jujuy,A=Santa Fe,N=Salta,A=Santiago del Estero,N=Buenos Aires,N=Chaco,A=C.A.B.A.,N=Chubut,N=San Juan,A=Mendoza,N=Misiones,N=Catamarca,N=Tierra del Fuego,N=Neuquén,N=Formosa,N=Tucumán,A=Corrientes,A=Santa Cruz,N=La Pampa,A=La Rioja
38,A=Federal Unidos por una Nueva Argentina,A=Partido Bloquista de San Juan,U=Frente de la Concordia Misionero,A=Partido Intransigente de Mendoza,U=Todos Juntos por San Juan,A=Frente para la Victoria - PJ,A=Justicialista,A=Peronismo para la Victoria,A=Trabajo y Dignidad,A=Concertación FORJA,A=Evolución Radical,A=Somos San Juan,A=Nuevo Espacio Santafesino,A=PTS - Frente de Izquierda,A=Fte. de Izquierda y de los Trabajadores,A=Somos Mendoza,N=Unión Cívica Radical,N=Partido por la Justicia Social,N=Coalición Cívica,U=Libres del Sur,A=Elijo Catamarca,U=Justicialista por Tucumán,A=Partido Socialista,U=Córdoba Trabajo y Producción,A=Salta Somos Todos,N=Fte. Cívico y Social de Catamarca,A=Córdoba Federal,N=Movimiento Popular Neuquino,A=Frente Cívico por Santiago,N=PRO,A=Unidad Justicialista,A=Primero Argentina,A=Cultura Educación y Trabajo,A=Corrientes,N=Santa Cruz,A=Tierra del Fuego,N=Neuquén,N=Córdoba,A=San Luis,A=Formosa,A=Tucumán,N=Entre Ríos,A=Santa Fe,A=La Pampa,U=Rio Negro,A=San Juan,A=Chubut,N=La Rioja,A=Buenos Aires,N=Mendoza,N=Jujuy,A=Santiago del Estero,A=Misiones,A=Catamarca,N=C.A.B.A.,A=Salta,A=Chaco
46,N=Todos Juntos por San Juan,A=Frente para la Victoria - PJ,N=Elijo Catamarca,N=Partido Bloquista de San Juan,A=Fte. de Izquierda y de los Trabajadores,N=Justicialista por Tucumán,N=Trabajo y Dignidad,N=PRO,N=Federal Unidos por una Nueva Argentina,A=Peronismo para la Victoria,N=Córdoba Trabajo y Producción,N=Concertación FORJA,N=Movimiento Popular Neuquino,N=Coalición Cívica,N=Partido Intransigente de Mendoza,N=Cultura Educación y Trabajo,N=Partido por la Justicia Social,N=Justicialista,N=Fte. Cívico y Social de Catamarca,N=Córdoba Federal,N=Frente Progresista Cívico y Social,N=Frente de la Concordia Misionero,N=Frente Cívico por Santiago,A=Evolución Radical,N=Somos Mendoza,N=Somos San Juan,A=Nuevo Espacio Santafesino,A=PTS - Frente de Izquierda,A=Libres del Sur,N=Salta Somos Todos,N=Unidad Justicialista,A=Unión Cívica Radical,A=Primero Argentina,N=Chaco,N=Mendoza,N=Corrientes,N=Misiones,A=Neuquén,N=Santiago del Estero,N=Córdoba,N=Tucumán,N=Salta,A=La Pampa,N=Jujuy,N=Chubut,A=C.A.B.A.,A=Rio Negro,N=La Rioja,A=Buenos Aires,N=San Juan,N=Catamarca,N=Santa Fe,A=Santa Cruz,A=Tierra del Fuego,N=San Luis,N=Formosa,A=Entre Ríos
53,A=Partido Bloquista de San Juan,A=Frente de la Concordia Misionero,A=Trabajo y Dignidad,A=Concertación FORJA,A=Protectora,A=Justicialista,N=Coalición Cívica,A=Salta Somos Todos,N=Movimiento Popular Neuquino,A=Frente para la Victoria - PJ,U=Fte. Cívico y Social de Catamarca,A=Frente Progresista Cívico y Social,A=PTS - Frente de Izquierda,U=Libres del Sur,U=Somos Mendoza,N=Unión Cívica Radical,A=Federal Unidos por una Nueva Argentina,U=Córdoba Trabajo y Producción,A=Nuevo Espacio Santafesino,U=Cultura Educación y Trabajo,A=Todos Juntos por San Juan,U=Evolución Radical,U=Justicialista por Tucumán,U=Primero Argentina,N=Partido por la Justicia Social,A=Elijo Catamarca,A=Peronismo para la Victoria,A=Somos San Juan,A=Unidad Justicialista,A=Córdoba Federal,A=Fte. de Izquierda y de los Trabajadores,N=Frente Cívico por Santiago,N=PRO,U=La Rioja,N=Santiago del Estero,A=Corrientes,A=Santa Cruz,U=Salta,A=Rio Negro,N=Córdoba,A=Santa Fe,A=Catamarca,A=Tierra del Fuego,A=La Pampa,A=Chubut,A=San Luis,A=Formosa,N=Tucumán,N=Chaco,N=Entre Ríos,N=Mendoza,A=Misiones,A=Jujuy,A=Buenos Aires,A=San Juan,N=C.A.B.A.,N=Neuquén
57,U=Salta Somos Todos,U=Primero Argentina,U=Cultura Educación y Trabajo,A=Federal Unidos por una Nueva Argentina,U=Concertación FORJA,A=Protectora,N=PRO,A=Partido Bloquista de San Juan,A=Justicialista por Tucumán,U=Nuevo Espacio Santafesino,N=Movimiento Popular Neuquino,N=Unión Cívica Radical,N=Coalición Cívica,A=Peronismo para la Victoria,A=Fte. de Izquierda y de los Trabajadores,U=Somos Mendoza,U=Fte. Cívico y Social de Catamarca,A=Todos Juntos por San Juan,A=Unidad Justicialista,A=Trabajo y Dignidad,U=Córdoba Trabajo y Producción,N=Frente Cívico por Santiago,A=PTS - Frente de Izquierda,A=Somos San Juan,A=Frente para la Victoria - PJ,A=Justicialista,N=Evolución Radical,N=Partido por la Justicia Social,A=Frente Progresista Cívico y Social,U=Frente de la Concordia Misionero,U=Libres del Sur,U=Elijo Catamarca,A=Córdoba Federal,U=Catamarca,A=Santa Fe,A=Santa Cruz,A=Tierra del Fuego,U=Rio Negro,N=Entre Ríos,A=Misiones,N=C.A.B.A.,N=Santiago del Estero,A=Buenos Aires,A=San Juan,A=San Luis,A=Formosa,N=Neuquén,A=La Pampa,N=La Rioja,A=Chubut,U=Córdoba,A=Tucumán,N=Chaco,N=Mendoza,N=Corrientes,A=Jujuy,U=Salta
1,A=Federal Unidos por una Nueva Argentina,N=Coalición Cívica,N=Partido Bloquista de San Juan,A=Trabajo y Dignidad,N=Movimiento Popular Neuquino,N=Frente Cívico por Santiago,N=Todos Juntos por San Juan,N=Córdoba Federal,N=Frente de la Concordia Misionero,A=Nuevo Espacio Santafesino,N=Partido por la Justicia Social,N=Justicialista,A=PTS - Frente de Izquierda,A=Somos San Juan,N=Unión Cívica Radical,N=Fte. Cívico y Social de Catamarca,U=Libres del Sur,N=Elijo Catamarca,N=Justicialista por Tucumán,A=Concertación FORJA,N=Partido Intransigente de Mendoza,A=Frente para la Victoria - PJ,A=Fte. de Izquierda y de los Trabajadores,U=Primero Argentina,N=Evolución Radical,A=Partido Socialista,N=Unidad Justicialista,N=Somos Mendoza,A=Córdoba Trabajo y Producción,N=Salta Somos Todos,A=Cultura Educación y Trabajo,N=PRO,A=Peronismo para la Victoria,A=Buenos Aires,N=San Luis,A=Formosa,N=Entre Ríos,N=Misiones,N=La Rioja,A=Chubut,N=Córdoba,N=Chaco,N=Jujuy,N=Santa Fe,N=La Pampa,N=Santiago del Estero,N=Mendoza,N=Corrientes,N=Catamarca,N=C.A.B.A.,N=Santa Cruz,A=Tierra del Fuego,A=Rio Negro,A=San Juan,N=Tucumán,N=Neuquén,N=Salta
25,A=Elijo Catamarca,A=Justicialista por Tucumán,A=Fte. de Izquierda y de los Trabajadores,N=Partido por la Justicia Social,A=Partido Bloquista de San Juan,A=Peronismo para la Victoria,A=Primero Argentina,N=Movimiento Popular Neuquino,N=Unión Cívica Radical,A=Todos Juntos por San Juan,A=Somos San Juan,A=Frente Cívico por Santiago,N=Coalición Cívica,A=Partido Socialista,A=Frente de la Concordia Misionero,A=Trabajo y Dignidad,A=Córdoba Trabajo y Producción,A=Partido Intransigente de Mendoza,A=Nuevo Espacio Santafesino,A=Frente para la Victoria - PJ,A=PTS - Frente de Izquierda,A=Libres del Sur,A=Somos Mendoza,A=Cultura Educación y Trabajo,A=Unidad Justicialista,N=Fte. Cívico y Social de Catamarca,A=Córdoba Federal,A=Salta Somos Todos,A=Justicialista,A=Federal Unidos por una Nueva Argentina,A=Evolución Radical,A=Concertación FORJA,N=PRO,A=San Luis,U=Chaco,N=Corrientes,A=Rio Negro,A=Chubut,N=Córdoba,N=Entre Ríos,N=Mendoza,A=Misiones,A=Tierra del Fuego,A=Salta,N=La Rioja,A=Santiago del Estero,A=San Juan,A=Catamarca,N=C.A.B.A.,A=Santa Fe,N=Neuquén,A=La Pampa,A=Buenos Aires,A=Formosa,A=Tucumán,N=Jujuy,N=Santa Cruz
32,N=PRO,A=Frente para la Victoria - PJ,U=Partido por la Justicia Social,A=Córdoba Federal,A=Todos Juntos por San Juan,A=Justicialista,N=Fte. Cívico y Social de Catamarca,A=Partido Intransigente de Mendoza,A=PTS - Frente de Izquierda,A=Somos San Juan,A=Primero Argentina,U=Frente Cívico por Santiago,A=Federal Unidos por una Nueva Argentina,A=Partido Bloquista de San Juan,A=Frente de la Concordia Misionero,A=Concertación FORJA,U=Libres del Sur,U=Elijo Catamarca,A=Trabajo y Dignidad,N=Unión Cívica Radical,N=Coalición Cívica,A=Evolución Radical,A=Peronismo para la Victoria,A=Justicialista por Tucumán,A=Unidad Justicialista,A=Partido Socialista,A=Fte. de Izquierda y de los Trabajadores,A=Córdoba Trabajo y Producción,N=Movimiento Popular Neuquino,A=Somos Mendoza,U=Salta Somos Todos,A=Nuevo Espacio Santafesino,A=Cultura Educación y Trabajo,A=Buenos Aires,A=San Luis,N=Formosa,A=Tucumán,N=Entre Ríos,A=Santa Fe,N=Santa Cruz,U=Santiago del Estero,A=Salta,A=La Pampa,A=Chubut,N=Neuquén,N=Mendoza,A=Misiones,N=Jujuy,A=Chaco,N=Corrientes,N=Catamarca,N=C.A.B.A.,A=Tierra del Fuego,N=Rio Negro,N=La Rioja,A=San Juan,N=Córdoba
34,A=Evolución Radical,A=Córdoba Trabajo y Producción,A=Todos Juntos por San Juan,A=Somos San Juan,A=Partido Bloquista de San Juan,U=Peronismo para la Victoria,U=Libres del Sur,A=Trabajo y Dignidad,A=Cultura Educación y Trabajo,N=PRO,N=Partido por la Justicia Social,U=Fte. de Izquierda y de los Trabajadores,U=Justicialista por Tucumán,U=Justicialista,N=Fte. Cívico y Social de Catamarca,A=Somos Mendoza,A=Concertación FORJA,N=Movimiento Popular Neuquino,U=Partido Socialista,A=PTS - Frente de Izquierda,N=Coalición Cívica,A=Elijo Catamarca,U=Salta Somos Todos,A=Federal Unidos por una Nueva Argentina,A=Córdoba Federal,A=Partido Intransigente de Mendoza,A=Primero Argentina,A=Unidad Justicialista,N=Unión Cívica Radical,A=Frente de la Concordia Misionero,U=Nuevo Espacio Santafesino,U=Frente Cívico por Santiago,A=Frente para la Victoria - PJ,N=Mendoza,N=Jujuy,N=C.A.B.A.,A=Salta,A=La Pampa,A=Formosa,A=Tucumán,N=Entre Ríos,A=Catamarca,N=Neuquén,A=Chubut,U=Santiago del Estero,A=Buenos Aires,N=Corrientes,N=Santa Cruz,A=Tierra del Fuego,U=Rio Negro,A=San Juan,U=Chaco,N=Santa Fe,N=La Rioja,A=San Luis,N=Córdoba,A=Misiones
47,N=Frente Cívico por Santiago,U=Evolución Radical,A=Peronismo para la Victoria,U=Libres del Sur,A=Concertación FORJA,N=PRO,A=Unidad Justicialista,U=Somos Mendoza,U=Cultura Educación y Trabajo,A=Frente Progresista Cívico y Social,A=Fte. de Izquierda y de los Trabajadores,A=Todos Juntos por San Juan,A=Frente de la Concordia Misionero,N=Partido por la Justicia Social,A=Córdoba Federal,A=Trabajo y Dignidad,A=Protectora,A=Elijo Catamarca,A=Justicialista por Tucumán,A=Somos San Juan,U=Primero Argentina,U=Salta Somos Todos,A=Nuevo Espacio Santafesino,A=Frente para la Victoria - PJ,A=Federal Unidos por una Nueva Argentina,A=Justicialista,A=PTS - Frente de Izquierda,U=Córdoba Trabajo y Producción,N=Unión Cívica Radical,U=Fte. Cívico y Social de Catamarca,N=Coalición Cívica,A=Partido Bloquista de San Juan,U=Movimiento Popular Neuquino,N=Neuquén,A=Buenos Aires,A=San Luis,A=Tucumán,A=Chaco,N=Mendoza,A=Misiones,A=Tierra del Fuego,U=Salta,A=La Pampa,A=Rio Negro,A=Catamarca,A=Santa Fe,A=Chubut,N=Córdoba,N=Entre Ríos,A=Corrientes,A=Jujuy,A=Santa Cruz,N=Santiago del Estero,A=San Juan,A=Formosa,N=C.A.B.A.,N=La Rioja
3,A=Partido Socialista,B=Peronismo para la Victoria,B=Fte. de Izquierda y de los Trabajadores,A=Frente de la Concordia Misionero,A=Córdoba Trabajo y Producción,A=Unidad Justicialista,A=Coalición Cívica,A=Evolución Radical,A=Salta Somos Todos,U=Somos San Juan,U=Nuevo Espacio Santafesino,A=Trabajo y Dignidad,A=Partido Intransigente de Mendoza,U=Movimiento Popular Neuquino,A=Partido por la Justicia Social,B=PTS - Frente de Izquierda,U=Libres del Sur,U=Justicialista por Tucumán,A=Cultura Educación y Trabajo,A=Frente para la Victoria - PJ,A=Fte. Cívico y Social de Catamarca,U=Somos Mendoza,A=Elijo Catamarca,A=Concertación FORJA,A=Todos Juntos por San Juan,A=Unión Cívica Radical,U=Partido Bloquista de San Juan,A=PRO,A=Federal Unidos por una Nueva Argentina,A=Córdoba Federal,A=Frente Cívico por Santiago,A=Justicialista,U=Primero Argentina,A=Jujuy,A=Salta,A=Chubut,A=Santiago del Estero,A=San Juan,A=Tucumán,A=Chaco,A=Santa Fe,A=Buenos Aires,A=Córdoba,A=Corrientes,A=Catamarca,A=San Luis,A=C.A.B.A.,A=Tierra del Fuego,A=La Rioja,A=Santa Cruz,A=Neuquén,A=La Pampa,A=Rio Negro,A=Formosa,A=Entre Ríos,A=Mendoza,A=Misiones
41,U=Somos Mendoza,A=Somos San Juan,A=Todos Juntos por San Juan,A=Federal Unidos por una Nueva Argentina,A=Salta Somos Todos,N=Nuevo Espacio Santafesino,N=Peronismo para la Victoria,A=Córdoba Trabajo y Producción,U=Movimiento Popular Neuquino,A=Córdoba Federal,A=Frente de la Concordia Misionero,A=Evolución Radical,N=Fte. de Izquierda y de los Trabajadores,N=Concertación FORJA,N=Primero Argentina,B=Unidad Justicialista,A=Justicialista,A=Trabajo y Dignidad,N=Frente para la Victoria - PJ,A=Elijo Catamarca,A=Justicialista por Tucumán,N=Cultura Educación y Trabajo,A=Frente Cívico por Santiago,A=Unión Cívica Radical,A=Partido Bloquista de San Juan,N=Partido Socialista,N=PTS - Frente de Izquierda,N=Partido Intransigente de Mendoza,A=PRO,A=Fte. Cívico y Social de Catamarca,U=Libres del Sur,A=Partido por la Justicia Social,A=Coalición Cívica,A=Santa Fe,N=Tierra del Fuego,A=Santiago del Estero,N=Formosa,A=Córdoba,A=Tucumán,A=Corrientes,A=C.A.B.A.,A=Neuquén,B=San Luis,A=Entre Ríos,A=Misiones,A=Jujuy,A=Santa Cruz,N=Chubut,A=Chaco,A=La Pampa,N=Rio Negro,A=Buenos Aires,A=San Juan,A=Mendoza,A=Catamarca,A=Salta,A=La Rioja
16,U=Somos San Juan,A=Partido Intransigente de Mendoza,A=Federal Unidos por una Nueva Argentina,A=Libres del Sur,A=Primero Argentina,A=Partido Socialista,A=Peronismo para la Victoria,A=Fte. de Izquierda y de los Trabajadores,A=Cultura Educación y Trabajo,A=Justicialista,A=Evolución Radical,A=Somos Mendoza,N=Movimiento Popular Neuquino,A=Unidad Justicialista,A=Partido Bloquista de San Juan,A=Concertación FORJA,N=PRO,U=Todos Juntos por San Juan,A=Salta Somos Todos,U=Córdoba Federal,A=Frente de la Concordia Misionero,U=Elijo Catamarca,A=Córdoba Trabajo y Producción,A=Frente para la Victoria - PJ,N=Partido por la Justicia Social,N=Fte. Cívico y Social de Catamarca,A=PTS - Frente de Izquierda,U=Justicialista por Tucumán,A=Trabajo y Dignidad,A=Nuevo Espacio Santafesino,U=Frente Cívico por Santiago,N=Unión Cívica Radical,N=Coalición Cívica,N=Córdoba,N=Jujuy,N=Neuquén,A=Salta,A=Buenos Aires,A=Corrientes,N=C.A.B.A.,A=Santa Fe,A=Tierra del Fuego,A=Tucumán,A=San Luis,A=Chaco,N=Mendoza,N=Catamarca,N=Santa Cruz,N=La Rioja,A=Chubut,U=Santiago del Estero,A=Formosa,N=Entre Ríos,A=Misiones,A=La Pampa,A=Rio Negro,A=San Juan
26,A=Justicialista,N=Unión Cívica Radical,A=Fte. de Izquierda y de los Trabajadores,N=Movimiento Popular Neuquino,A=Unidad Justicialista,A=Partido Socialista,A=PTS - Frente de Izquierda,A=Elijo Catamarca,A=Primero Argentina,A=Córdoba Federal,A=Concertación FORJA,A=Libres del Sur,A=Partido Intransigente de Mendoza,A=Cultura Educación y Trabajo,A=Federal Unidos por una Nueva Argentina,N=Partido por la Justicia Social,A=Trabajo y Dignidad,A=Frente de la Concordia Misionero,A=Somos Mendoza,A=Todos Juntos por San Juan,N=Fte. Cívico y Social de Catamarca,N=Coalición Cívica,A=Evolución Radical,A=Partido Bloquista de San Juan,U=Peronismo para la Victoria,A=Justicialista por Tucumán,A=Salta Somos Todos,A=Somos San Juan,A=Nuevo Espacio Santafesino,A=Frente Cívico por Santiago,N=PRO,A=Frente para la Victoria - PJ,A=Córdoba Trabajo y Producción,N=Córdoba,A=Entre Ríos,A=Misiones,N=Jujuy,A=Santa Fe,A=Salta,N=La Rioja,N=Corrientes,N=Santa Cruz,N=Neuquén,A=La Pampa,A=Chubut,A=Santiago del Estero,A=Tucumán,U=Chaco,N=Mendoza,A=Rio Negro,A=Buenos Aires,A=San Juan,A=San Luis,A=Formosa,A=Catamarca,N=C.A.B.A.,A=Tierra del Fuego
36,U=Partido Socialista,N=Movimiento Popular Neuquino,U=Fte. Cívico y Social de Catamarca,A=PTS - Frente de Izquierda,A=Trabajo y Dignidad,A=Evolución Radical,A=Elijo Catamarca,U=Unidad Justicialista,A=Federal Unidos por una Nueva Argentina,N=Coalición Cívica,A=Cultura Educación y Trabajo,U=Frente Cívico por Santiago,A=Frente para la Victoria - PJ,U=Salta Somos Todos,A=Primero Argentina,U=Frente de la Concordia Misionero,A=Córdoba Trabajo y Producción,A=Somos Mendoza,A=Justicialista,A=Córdoba Federal,A=Partido Bloquista de San Juan,A=Fte. de Izquierda y de los Trabajadores,U=Libres del Sur,U=Justicialista por Tucumán,N=PRO,U=Todos Juntos por San Juan,A=Peronismo para la Victoria,A=Concertación FORJA,U=Somos San Juan,A=Partido Intransigente de Mendoza,A=Nuevo Espacio Santafesino,N=Unión Cívica Radical,N=Partido por la Justicia Social,N=Jujuy,U=Santa Cruz,A=Tierra del Fuego,A=Chubut,U=Santiago del Estero,A=San Juan,N=Mendoza,N=C.A.B.A.,U=Rio Negro,N=Neuquén,U=San Luis,A=Formosa,N=Córdoba,A=Tucumán,A=Corrientes,A=Misiones,A=Santa Fe,U=Salta,A=Buenos Aires,U=Chaco,N=Entre Ríos,A=Catamarca,U=La Pampa,N=La Rioja
43,A=Todos Juntos por San Juan,A=Somos Mendoza,A=Salta Somos Todos,N=Nuevo Espacio Santafesino,N=Unidad Justicialista,A=Partido Socialista,N=Fte. de Izquierda y de los Trabajadores,A=Frente de la Concordia Misionero,N=Libres del Sur,N=Concertación FORJA,A=Cultura Educación y Trabajo,A=Unión Cívica Radical,N=Peronismo para la Victoria,N=Primero Argentina,A=Evolución Radical,A=Partido Bloquista de San Juan,A=Justicialista por Tucumán,A=Partido Intransigente de Mendoza,N=Frente para la Victoria - PJ,A=Partido por la Justicia Social,A=Fte. Cívico y Social de Catamarca,A=Trabajo y Dignidad,A=PRO,A=Federal Unidos por una Nueva Argentina,A=Córdoba Federal,A=Elijo Catamarca,A=Córdoba Trabajo y Producción,A=Somos San Juan,A=Frente Cívico por Santiago,A=Justicialista,A=Coalición Cívica,N=PTS - Frente de Izquierda,U=Movimiento Popular Neuquino,N=Tierra del Fuego,A=Neuquén,A=La Pampa,A=Chubut,A=Santiago del Estero,N=San Luis,A=Córdoba,A=C.A.B.A.,N=Rio Negro,A=Entre Ríos,A=Misiones,A=Jujuy,A=Corrientes,A=Catamarca,A=Salta,A=La Rioja,A=Tucumán,A=Chaco,A=Mendoza,A=Santa Fe,A=Santa Cruz,A=Buenos Aires,A=San Juan,N=Formosa
49,U=Córdoba Trabajo y Producción,N=PRO,N=Unión Cívica Radical,N=Coalición Cívica,A=Somos San Juan,A=Córdoba Federal,A=PTS - Frente de Izquierda,U=Somos Mendoza,U=Libres del Sur,A=Justicialista por Tucumán,N=Salta Somos Todos,U=Primero Argentina,A=Unidad Justicialista,A=Justicialista,U=Fte. Cívico y Social de Catamarca,N=Federal Unidos por una Nueva Argentina,A=Peronismo para la Victoria,U=Movimiento Popular Neuquino,N=Frente de la Concordia Misionero,A=Nuevo Espacio Santafesino,A=Todos Juntos por San Juan,U=Evolución Radical,N=Partido Bloquista de San Juan,N=Frente Progresista Cívico y Social,A=Protectora,N=Frente Cívico por Santiago,A=Frente para la Victoria - PJ,A=Elijo Catamarca,A=Concertación FORJA,U=Cultura Educación y Trabajo,N=Partido por la Justicia Social,A=Fte. de Izquierda y de los Trabajadores,N=Trabajo y Dignidad,A=Rio Negro,A=Chubut,N=Buenos Aires,A=Tucumán,A=Chaco,N=Mendoza,N=C.A.B.A.,N=Santa Fe,A=Formosa,N=Córdoba,A=Santa Cruz,U=Salta,A=San Juan,A=San Luis,N=Entre Ríos,A=Catamarca,N=Neuquén,N=La Rioja,N=Santiago del Estero,A=Corrientes,N=Misiones,N=Jujuy,A=Tierra del Fuego,A=La Pampa
19,U=Córdoba Trabajo y Producción,A=Partido Intransigente de Mendoza,A=Cultura Educación y Trabajo,A=Unidad Justicialista,N=Fte. Cívico y Social de Catamarca,N=Coalición Cívica,A=Partido Bloquista de San Juan,A=Somos Mendoza,A=Frente Cívico por Santiago,A=Frente para la Victoria - PJ,U=Córdoba Federal,N=Salta Somos Todos,A=Primero Argentina,A=Nuevo Espacio Santafesino,N=PRO,N=Unión Cívica Radical,A=Federal Unidos por una Nueva Argentina,A=Partido Socialista,A=Justicialista por Tucumán,A=Somos San Juan,A=Justicialista,A=Evolución Radical,A=Peronismo para la Victoria,A=Libres del Sur,A=Elijo Catamarca,A=Frente de la Concordia Misionero,N=Partido por la Justicia Social,A=PTS - Frente de Izquierda,A=Trabajo y Dignidad,A=Concertación FORJA,N=Movimiento Popular Neuquino,A=Todos Juntos por San Juan,A=Fte. de Izquierda y de los Trabajadores,N=Mendoza,N=Corrientes,A=Jujuy,A=Santa Fe,A=Tierra del Fuego,A=Salta,A=San Juan,A=Chaco,N=C.A.B.A.,A=La Pampa,A=Rio Negro,A=Buenos Aires,A=San Luis,N=Córdoba,N=Santa Cruz,N=Neuquén,A=Chubut,A=Santiago del Estero,A=Formosa,A=Tucumán,N=Entre Ríos,A=Misiones,A=Catamarca,N=La Rioja
23,A=Fte. de Izquierda y de los Trabajadores,U=Libres del Sur,A=Trabajo y Dignidad,N=PRO,A=Frente para la Victoria - PJ,N=Unión Cívica Radical,A=Evolución Radical,A=Todos Juntos por San Juan,A=Justicialista,A=Somos Mendoza,A=Justicialista por Tucumán,A=Concertación FORJA,A=Primero Argentina,A=Frente Cívico por Santiago,A=Federal Unidos por una Nueva Argentina,N=Fte. Cívico y Social de Catamarca,A=Córdoba Trabajo y Producción,N=Partido por la Justicia Social,U=Nuevo Espacio Santafesino,N=Movimiento Popular Neuquino,N=Coalición Cívica,A=Salta Somos Todos,A=Partido Intransigente de Mendoza,A=Córdoba Federal,A=Partido Bloquista de San Juan,A=Peronismo para la Victoria,A=PTS - Frente de Izquierda,A=Partido Socialista,A=Elijo Catamarca,A=Cultura Educación y Trabajo,A=Unidad Justicialista,A=Frente de la Concordia Misionero,A=Somos San Juan,A=Santiago del Estero,A=San Luis,A=Tucumán,N=Mendoza,N=Neuquén,A=Formosa,A=Salta,A=Buenos Aires,A=Chaco,N=Corrientes,A=Misiones,A=Catamarca,N=Santa Fe,A=Tierra del Fuego,A=La Pampa,A=Rio Negro,N=La Rioja,A=San Juan,N=Córdoba,N=Entre Ríos,N=Jujuy,N=C.A.B.A.,N=Santa Cruz,A=Chubut
